CREATE DATABASE  IF NOT EXISTS `solutions_intel_sa` /*!40100 DEFAULT CHARACTER SET utf8mb4 COLLATE utf8mb4_0900_ai_ci */ /*!80016 DEFAULT ENCRYPTION='N' */;
USE `solutions_intel_sa`;
-- MySQL dump 10.13  Distrib 8.0.41, for Win64 (x86_64)
--
-- Host: localhost    Database: solutions_intel_sa
-- ------------------------------------------------------
-- Server version	8.0.41

/*!40101 SET @OLD_CHARACTER_SET_CLIENT=@@CHARACTER_SET_CLIENT */;
/*!40101 SET @OLD_CHARACTER_SET_RESULTS=@@CHARACTER_SET_RESULTS */;
/*!40101 SET @OLD_COLLATION_CONNECTION=@@COLLATION_CONNECTION */;
/*!50503 SET NAMES utf8 */;
/*!40103 SET @OLD_TIME_ZONE=@@TIME_ZONE */;
/*!40103 SET TIME_ZONE='+00:00' */;
/*!40014 SET @OLD_UNIQUE_CHECKS=@@UNIQUE_CHECKS, UNIQUE_CHECKS=0 */;
/*!40014 SET @OLD_FOREIGN_KEY_CHECKS=@@FOREIGN_KEY_CHECKS, FOREIGN_KEY_CHECKS=0 */;
/*!40101 SET @OLD_SQL_MODE=@@SQL_MODE, SQL_MODE='NO_AUTO_VALUE_ON_ZERO' */;
/*!40111 SET @OLD_SQL_NOTES=@@SQL_NOTES, SQL_NOTES=0 */;

--
-- Table structure for table `clientes`
--

DROP TABLE IF EXISTS `clientes`;
/*!40101 SET @saved_cs_client     = @@character_set_client */;
/*!50503 SET character_set_client = utf8mb4 */;
CREATE TABLE `clientes` (
  `Cliente_ID` int NOT NULL AUTO_INCREMENT,
  `Nombre` varchar(255) NOT NULL,
  PRIMARY KEY (`Cliente_ID`),
  UNIQUE KEY `Nombre` (`Nombre`)
) ENGINE=InnoDB AUTO_INCREMENT=200 DEFAULT CHARSET=utf8mb4 COLLATE=utf8mb4_0900_ai_ci;
/*!40101 SET character_set_client = @saved_cs_client */;

--
-- Dumping data for table `clientes`
--

LOCK TABLES `clientes` WRITE;
/*!40000 ALTER TABLE `clientes` DISABLE KEYS */;
INSERT INTO `clientes` VALUES (37,'Cliente_1'),(5,'Cliente_10'),(106,'Cliente_100'),(16,'Cliente_101'),(177,'Cliente_102'),(145,'Cliente_103'),(57,'Cliente_104'),(45,'Cliente_105'),(110,'Cliente_106'),(102,'Cliente_107'),(129,'Cliente_108'),(88,'Cliente_109'),(44,'Cliente_11'),(118,'Cliente_110'),(73,'Cliente_111'),(156,'Cliente_112'),(142,'Cliente_113'),(134,'Cliente_114'),(94,'Cliente_115'),(182,'Cliente_116'),(31,'Cliente_117'),(84,'Cliente_118'),(161,'Cliente_119'),(172,'Cliente_12'),(32,'Cliente_120'),(188,'Cliente_121'),(113,'Cliente_122'),(50,'Cliente_123'),(147,'Cliente_124'),(60,'Cliente_125'),(186,'Cliente_126'),(109,'Cliente_127'),(127,'Cliente_128'),(143,'Cliente_129'),(11,'Cliente_13'),(10,'Cliente_130'),(146,'Cliente_131'),(52,'Cliente_132'),(107,'Cliente_133'),(3,'Cliente_134'),(70,'Cliente_135'),(91,'Cliente_136'),(33,'Cliente_137'),(8,'Cliente_138'),(192,'Cliente_139'),(46,'Cliente_14'),(103,'Cliente_140'),(85,'Cliente_141'),(151,'Cliente_142'),(20,'Cliente_143'),(139,'Cliente_144'),(65,'Cliente_145'),(55,'Cliente_146'),(155,'Cliente_147'),(99,'Cliente_148'),(117,'Cliente_149'),(72,'Cliente_15'),(40,'Cliente_150'),(7,'Cliente_151'),(21,'Cliente_152'),(64,'Cliente_153'),(51,'Cliente_154'),(76,'Cliente_155'),(133,'Cliente_156'),(74,'Cliente_157'),(138,'Cliente_158'),(86,'Cliente_159'),(180,'Cliente_16'),(187,'Cliente_160'),(2,'Cliente_161'),(34,'Cliente_162'),(23,'Cliente_163'),(77,'Cliente_164'),(48,'Cliente_165'),(61,'Cliente_166'),(183,'Cliente_167'),(12,'Cliente_168'),(123,'Cliente_169'),(18,'Cliente_17'),(185,'Cliente_170'),(105,'Cliente_171'),(9,'Cliente_172'),(93,'Cliente_173'),(198,'Cliente_174'),(122,'Cliente_175'),(152,'Cliente_176'),(132,'Cliente_177'),(4,'Cliente_178'),(59,'Cliente_179'),(141,'Cliente_18'),(89,'Cliente_180'),(174,'Cliente_181'),(119,'Cliente_182'),(79,'Cliente_183'),(90,'Cliente_184'),(78,'Cliente_185'),(168,'Cliente_186'),(128,'Cliente_187'),(29,'Cliente_188'),(136,'Cliente_189'),(140,'Cliente_19'),(104,'Cliente_190'),(195,'Cliente_191'),(71,'Cliente_192'),(173,'Cliente_193'),(66,'Cliente_194'),(160,'Cliente_195'),(80,'Cliente_196'),(159,'Cliente_197'),(68,'Cliente_198'),(130,'Cliente_199'),(158,'Cliente_2'),(162,'Cliente_20'),(199,'Cliente_21'),(166,'Cliente_22'),(63,'Cliente_23'),(164,'Cliente_24'),(124,'Cliente_25'),(96,'Cliente_26'),(98,'Cliente_27'),(193,'Cliente_28'),(115,'Cliente_29'),(1,'Cliente_3'),(47,'Cliente_30'),(112,'Cliente_31'),(58,'Cliente_32'),(75,'Cliente_33'),(171,'Cliente_34'),(36,'Cliente_35'),(95,'Cliente_36'),(108,'Cliente_37'),(22,'Cliente_38'),(56,'Cliente_39'),(167,'Cliente_4'),(38,'Cliente_40'),(116,'Cliente_41'),(54,'Cliente_42'),(97,'Cliente_43'),(178,'Cliente_44'),(184,'Cliente_45'),(101,'Cliente_46'),(87,'Cliente_47'),(194,'Cliente_48'),(26,'Cliente_49'),(6,'Cliente_5'),(197,'Cliente_50'),(114,'Cliente_51'),(190,'Cliente_52'),(67,'Cliente_53'),(149,'Cliente_54'),(121,'Cliente_55'),(175,'Cliente_56'),(120,'Cliente_57'),(196,'Cliente_58'),(165,'Cliente_59'),(191,'Cliente_6'),(41,'Cliente_60'),(176,'Cliente_61'),(28,'Cliente_62'),(15,'Cliente_63'),(39,'Cliente_64'),(14,'Cliente_65'),(82,'Cliente_66'),(69,'Cliente_67'),(92,'Cliente_68'),(27,'Cliente_69'),(153,'Cliente_7'),(170,'Cliente_70'),(137,'Cliente_71'),(43,'Cliente_72'),(17,'Cliente_73'),(83,'Cliente_74'),(125,'Cliente_75'),(35,'Cliente_76'),(189,'Cliente_77'),(30,'Cliente_78'),(181,'Cliente_79'),(144,'Cliente_8'),(179,'Cliente_80'),(135,'Cliente_81'),(157,'Cliente_82'),(49,'Cliente_83'),(13,'Cliente_84'),(154,'Cliente_85'),(81,'Cliente_86'),(148,'Cliente_87'),(131,'Cliente_88'),(53,'Cliente_89'),(19,'Cliente_9'),(100,'Cliente_90'),(126,'Cliente_91'),(111,'Cliente_92'),(42,'Cliente_93'),(24,'Cliente_94'),(25,'Cliente_95'),(150,'Cliente_96'),(62,'Cliente_97'),(169,'Cliente_98'),(163,'Cliente_99');
/*!40000 ALTER TABLE `clientes` ENABLE KEYS */;
UNLOCK TABLES;

--
-- Table structure for table `clientes_sectores`
--

DROP TABLE IF EXISTS `clientes_sectores`;
/*!40101 SET @saved_cs_client     = @@character_set_client */;
/*!50503 SET character_set_client = utf8mb4 */;
CREATE TABLE `clientes_sectores` (
  `Cliente_ID` int NOT NULL,
  `Sector_ID` int NOT NULL,
  PRIMARY KEY (`Cliente_ID`,`Sector_ID`),
  KEY `Sector_ID` (`Sector_ID`),
  CONSTRAINT `clientes_sectores_ibfk_1` FOREIGN KEY (`Cliente_ID`) REFERENCES `clientes` (`Cliente_ID`),
  CONSTRAINT `clientes_sectores_ibfk_2` FOREIGN KEY (`Sector_ID`) REFERENCES `sectores` (`Sector_ID`)
) ENGINE=InnoDB DEFAULT CHARSET=utf8mb4 COLLATE=utf8mb4_0900_ai_ci;
/*!40101 SET character_set_client = @saved_cs_client */;

--
-- Dumping data for table `clientes_sectores`
--

LOCK TABLES `clientes_sectores` WRITE;
/*!40000 ALTER TABLE `clientes_sectores` DISABLE KEYS */;
INSERT INTO `clientes_sectores` VALUES (1,1),(2,1),(3,1),(5,1),(6,1),(8,1),(10,1),(12,1),(14,1),(15,1),(16,1),(17,1),(18,1),(19,1),(20,1),(28,1),(31,1),(32,1),(34,1),(36,1),(37,1),(38,1),(39,1),(40,1),(41,1),(42,1),(43,1),(44,1),(45,1),(46,1),(48,1),(49,1),(50,1),(51,1),(52,1),(53,1),(54,1),(56,1),(57,1),(58,1),(59,1),(60,1),(61,1),(62,1),(64,1),(65,1),(67,1),(69,1),(72,1),(73,1),(74,1),(76,1),(77,1),(78,1),(79,1),(80,1),(82,1),(84,1),(87,1),(88,1),(89,1),(90,1),(92,1),(94,1),(96,1),(97,1),(100,1),(101,1),(102,1),(103,1),(104,1),(105,1),(107,1),(108,1),(109,1),(111,1),(112,1),(113,1),(115,1),(116,1),(117,1),(118,1),(120,1),(121,1),(122,1),(124,1),(130,1),(131,1),(134,1),(136,1),(138,1),(139,1),(141,1),(142,1),(143,1),(146,1),(149,1),(151,1),(153,1),(155,1),(156,1),(159,1),(160,1),(161,1),(165,1),(166,1),(168,1),(169,1),(170,1),(174,1),(176,1),(177,1),(178,1),(180,1),(184,1),(187,1),(188,1),(191,1),(192,1),(2,2),(3,2),(4,2),(6,2),(7,2),(9,2),(10,2),(11,2),(12,2),(13,2),(15,2),(16,2),(17,2),(18,2),(19,2),(20,2),(21,2),(23,2),(24,2),(25,2),(26,2),(28,2),(29,2),(30,2),(31,2),(32,2),(33,2),(34,2),(35,2),(37,2),(38,2),(39,2),(40,2),(41,2),(42,2),(43,2),(44,2),(46,2),(50,2),(51,2),(52,2),(53,2),(54,2),(55,2),(57,2),(58,2),(59,2),(61,2),(62,2),(63,2),(64,2),(65,2),(66,2),(67,2),(68,2),(70,2),(71,2),(72,2),(73,2),(74,2),(75,2),(76,2),(81,2),(83,2),(86,2),(89,2),(91,2),(92,2),(93,2),(94,2),(95,2),(96,2),(98,2),(99,2),(101,2),(102,2),(106,2),(109,2),(113,2),(115,2),(116,2),(117,2),(119,2),(120,2),(121,2),(123,2),(124,2),(125,2),(127,2),(128,2),(130,2),(131,2),(132,2),(133,2),(138,2),(140,2),(143,2),(144,2),(145,2),(146,2),(147,2),(149,2),(150,2),(151,2),(152,2),(153,2),(155,2),(157,2),(158,2),(161,2),(162,2),(163,2),(167,2),(169,2),(170,2),(171,2),(172,2),(173,2),(175,2),(176,2),(178,2),(180,2),(183,2),(185,2),(186,2),(189,2),(196,2),(197,2),(198,2),(2,3),(4,3),(6,3),(8,3),(9,3),(12,3),(13,3),(15,3),(16,3),(18,3),(19,3),(21,3),(22,3),(25,3),(26,3),(28,3),(29,3),(30,3),(31,3),(32,3),(33,3),(34,3),(35,3),(36,3),(37,3),(39,3),(40,3),(41,3),(42,3),(43,3),(45,3),(46,3),(47,3),(48,3),(49,3),(51,3),(52,3),(53,3),(54,3),(55,3),(56,3),(57,3),(58,3),(59,3),(61,3),(62,3),(66,3),(67,3),(68,3),(69,3),(70,3),(71,3),(72,3),(74,3),(75,3),(77,3),(78,3),(79,3),(80,3),(81,3),(83,3),(84,3),(86,3),(87,3),(88,3),(90,3),(91,3),(92,3),(94,3),(95,3),(96,3),(98,3),(99,3),(100,3),(102,3),(104,3),(105,3),(108,3),(110,3),(111,3),(112,3),(113,3),(114,3),(115,3),(117,3),(118,3),(119,3),(120,3),(121,3),(126,3),(128,3),(129,3),(130,3),(131,3),(132,3),(133,3),(134,3),(135,3),(136,3),(140,3),(142,3),(143,3),(145,3),(146,3),(147,3),(148,3),(149,3),(150,3),(151,3),(152,3),(154,3),(157,3),(158,3),(160,3),(163,3),(165,3),(166,3),(167,3),(168,3),(172,3),(174,3),(176,3),(177,3),(179,3),(181,3),(182,3),(184,3),(185,3),(187,3),(188,3),(192,3),(193,3),(194,3),(196,3),(198,3),(199,3),(1,4),(2,4),(5,4),(6,4),(7,4),(9,4),(10,4),(11,4),(12,4),(13,4),(14,4),(15,4),(17,4),(18,4),(19,4),(20,4),(21,4),(22,4),(23,4),(25,4),(27,4),(28,4),(29,4),(30,4),(31,4),(32,4),(33,4),(34,4),(35,4),(36,4),(38,4),(40,4),(41,4),(43,4),(44,4),(45,4),(46,4),(47,4),(50,4),(53,4),(57,4),(58,4),(59,4),(60,4),(61,4),(64,4),(65,4),(66,4),(67,4),(68,4),(69,4),(72,4),(74,4),(75,4),(76,4),(81,4),(83,4),(84,4),(85,4),(87,4),(88,4),(89,4),(90,4),(91,4),(92,4),(93,4),(94,4),(96,4),(98,4),(99,4),(101,4),(102,4),(104,4),(105,4),(106,4),(107,4),(108,4),(109,4),(110,4),(111,4),(114,4),(115,4),(117,4),(118,4),(120,4),(121,4),(123,4),(124,4),(125,4),(126,4),(128,4),(129,4),(130,4),(132,4),(134,4),(135,4),(136,4),(137,4),(139,4),(141,4),(144,4),(145,4),(146,4),(148,4),(149,4),(150,4),(152,4),(153,4),(157,4),(160,4),(162,4),(164,4),(165,4),(166,4),(169,4),(171,4),(173,4),(174,4),(175,4),(181,4),(184,4),(186,4),(187,4),(188,4),(189,4),(190,4),(191,4),(195,4),(197,4),(198,4),(199,4),(2,5),(3,5),(4,5),(5,5),(6,5),(8,5),(10,5),(11,5),(13,5),(15,5),(16,5),(18,5),(20,5),(21,5),(26,5),(27,5),(28,5),(30,5),(31,5),(32,5),(33,5),(35,5),(38,5),(39,5),(40,5),(41,5),(44,5),(46,5),(48,5),(51,5),(55,5),(56,5),(57,5),(58,5),(59,5),(60,5),(61,5),(62,5),(64,5),(65,5),(67,5),(68,5),(69,5),(71,5),(73,5),(74,5),(75,5),(76,5),(80,5),(81,5),(83,5),(85,5),(86,5),(87,5),(88,5),(89,5),(93,5),(95,5),(100,5),(101,5),(105,5),(108,5),(111,5),(113,5),(114,5),(115,5),(116,5),(121,5),(122,5),(123,5),(124,5),(125,5),(127,5),(130,5),(131,5),(132,5),(133,5),(134,5),(135,5),(136,5),(138,5),(141,5),(142,5),(144,5),(146,5),(147,5),(148,5),(152,5),(153,5),(154,5),(155,5),(157,5),(158,5),(159,5),(161,5),(163,5),(164,5),(165,5),(166,5),(167,5),(172,5),(173,5),(174,5),(175,5),(176,5),(179,5),(181,5),(182,5),(184,5),(185,5),(187,5),(189,5),(192,5);
/*!40000 ALTER TABLE `clientes_sectores` ENABLE KEYS */;
UNLOCK TABLES;

--
-- Table structure for table `productos`
--

DROP TABLE IF EXISTS `productos`;
/*!40101 SET @saved_cs_client     = @@character_set_client */;
/*!50503 SET character_set_client = utf8mb4 */;
CREATE TABLE `productos` (
  `Producto_ID` int NOT NULL AUTO_INCREMENT,
  `Nombre` varchar(255) NOT NULL,
  PRIMARY KEY (`Producto_ID`),
  UNIQUE KEY `Nombre` (`Nombre`)
) ENGINE=InnoDB AUTO_INCREMENT=10 DEFAULT CHARSET=utf8mb4 COLLATE=utf8mb4_0900_ai_ci;
/*!40101 SET character_set_client = @saved_cs_client */;

--
-- Dumping data for table `productos`
--

LOCK TABLES `productos` WRITE;
/*!40000 ALTER TABLE `productos` DISABLE KEYS */;
INSERT INTO `productos` VALUES (8,'Software_1'),(3,'Software_2'),(5,'Software_3'),(1,'Software_4'),(4,'Software_5'),(6,'Software_6'),(9,'Software_7'),(7,'Software_8'),(2,'Software_9');
/*!40000 ALTER TABLE `productos` ENABLE KEYS */;
UNLOCK TABLES;

--
-- Table structure for table `sectores`
--

DROP TABLE IF EXISTS `sectores`;
/*!40101 SET @saved_cs_client     = @@character_set_client */;
/*!50503 SET character_set_client = utf8mb4 */;
CREATE TABLE `sectores` (
  `Sector_ID` int NOT NULL AUTO_INCREMENT,
  `Nombre` varchar(255) NOT NULL,
  PRIMARY KEY (`Sector_ID`),
  UNIQUE KEY `Nombre` (`Nombre`)
) ENGINE=InnoDB AUTO_INCREMENT=6 DEFAULT CHARSET=utf8mb4 COLLATE=utf8mb4_0900_ai_ci;
/*!40101 SET character_set_client = @saved_cs_client */;

--
-- Dumping data for table `sectores`
--

LOCK TABLES `sectores` WRITE;
/*!40000 ALTER TABLE `sectores` DISABLE KEYS */;
INSERT INTO `sectores` VALUES (1,'Banca'),(2,'Educacion'),(4,'Retail'),(5,'Salud'),(3,'Tecnologia');
/*!40000 ALTER TABLE `sectores` ENABLE KEYS */;
UNLOCK TABLES;

--
-- Table structure for table `soporte`
--

DROP TABLE IF EXISTS `soporte`;
/*!40101 SET @saved_cs_client     = @@character_set_client */;
/*!50503 SET character_set_client = utf8mb4 */;
CREATE TABLE `soporte` (
  `Soporte_ID` int NOT NULL AUTO_INCREMENT,
  `Fecha` date NOT NULL,
  `Cliente_ID` int DEFAULT NULL,
  `Casos_Soporte` int DEFAULT NULL,
  `Tiempo_Resolucion_Horas` int DEFAULT NULL,
  `Satisfaccion_Cliente` int DEFAULT NULL,
  `Uso_Software_Horas` int DEFAULT NULL,
  PRIMARY KEY (`Soporte_ID`),
  KEY `Cliente_ID` (`Cliente_ID`),
  CONSTRAINT `soporte_ibfk_1` FOREIGN KEY (`Cliente_ID`) REFERENCES `clientes` (`Cliente_ID`)
) ENGINE=InnoDB AUTO_INCREMENT=1001 DEFAULT CHARSET=utf8mb4 COLLATE=utf8mb4_0900_ai_ci;
/*!40101 SET character_set_client = @saved_cs_client */;

--
-- Dumping data for table `soporte`
--

LOCK TABLES `soporte` WRITE;
/*!40000 ALTER TABLE `soporte` DISABLE KEYS */;
INSERT INTO `soporte` VALUES (1,'2023-04-13',1,4,52,4,47),(2,'2023-12-15',2,3,43,4,78),(3,'2023-09-28',3,0,22,5,92),(4,'2023-04-17',4,4,55,3,53),(5,'2023-03-13',5,0,67,3,80),(6,'2023-07-08',6,1,60,3,19),(7,'2023-01-21',7,3,58,3,81),(8,'2023-04-13',8,0,12,5,90),(9,'2023-05-02',9,4,69,4,6),(10,'2023-08-03',10,1,39,5,49),(11,'2023-11-27',11,1,13,2,73),(12,'2023-03-29',12,4,41,5,50),(13,'2023-04-10',10,4,57,1,81),(14,'2023-12-26',13,0,53,5,95),(15,'2023-06-01',14,2,12,3,12),(16,'2023-05-11',15,1,13,3,23),(17,'2023-05-30',16,0,57,3,54),(18,'2023-11-05',17,4,40,5,69),(19,'2023-09-15',18,0,45,1,59),(20,'2023-12-10',19,4,35,3,36),(21,'2023-10-21',20,3,3,5,3),(22,'2023-07-11',21,4,5,3,58),(23,'2023-10-04',22,4,11,2,88),(24,'2023-06-10',23,4,71,3,55),(25,'2023-11-10',24,2,56,3,57),(26,'2023-01-22',25,4,10,5,17),(27,'2023-09-10',26,1,34,4,39),(28,'2023-08-24',27,1,67,3,90),(29,'2023-12-11',28,0,31,5,68),(30,'2023-02-18',29,2,71,3,55),(31,'2023-02-28',4,0,66,1,45),(32,'2023-06-19',30,1,70,3,76),(33,'2023-07-07',31,1,41,3,1),(34,'2023-09-28',32,3,63,2,21),(35,'2023-07-09',33,4,32,5,83),(36,'2023-06-24',34,1,20,4,21),(37,'2023-02-20',35,0,57,3,52),(38,'2023-12-30',36,0,50,4,82),(39,'2023-02-24',37,4,25,4,43),(40,'2023-09-01',38,4,12,5,52),(41,'2023-11-16',39,3,71,5,67),(42,'2023-05-11',40,2,39,3,44),(43,'2023-11-03',41,0,17,4,32),(44,'2023-05-15',39,4,45,4,10),(45,'2023-01-21',42,0,11,4,64),(46,'2023-11-25',43,4,70,2,79),(47,'2023-06-16',44,1,23,2,69),(48,'2023-10-01',45,0,70,3,68),(49,'2023-03-30',46,1,38,3,28),(50,'2023-11-12',41,0,2,1,53),(51,'2023-01-14',47,2,37,4,51),(52,'2023-08-30',36,3,49,1,53),(53,'2023-09-22',48,1,52,4,4),(54,'2023-12-12',6,4,33,3,79),(55,'2023-02-22',49,2,22,5,17),(56,'2023-12-06',50,0,5,3,67),(57,'2023-04-02',30,1,18,1,74),(58,'2023-09-21',51,0,38,4,47),(59,'2023-02-04',28,0,37,4,56),(60,'2023-07-25',52,0,64,5,23),(61,'2023-03-22',53,3,10,3,18),(62,'2023-02-19',54,3,42,3,1),(63,'2023-12-26',53,4,48,5,35),(64,'2023-01-02',55,1,44,2,64),(65,'2023-02-23',38,2,16,4,58),(66,'2023-04-16',43,2,54,3,95),(67,'2023-09-17',56,2,35,1,59),(68,'2023-11-06',57,0,28,3,1),(69,'2023-07-10',46,3,2,3,3),(70,'2023-08-06',58,1,13,4,67),(71,'2023-02-13',59,0,41,5,37),(72,'2023-06-11',60,3,59,3,83),(73,'2023-07-21',61,3,69,4,29),(74,'2023-09-27',62,1,53,1,89),(75,'2023-12-17',63,1,45,3,33),(76,'2023-10-31',15,1,20,1,61),(77,'2023-09-28',20,0,24,5,93),(78,'2023-08-03',64,4,61,4,90),(79,'2023-09-09',65,1,58,4,4),(80,'2023-07-09',66,4,27,4,14),(81,'2023-10-23',67,0,26,4,91),(82,'2023-08-01',57,4,7,5,33),(83,'2023-07-27',57,2,42,4,22),(84,'2023-08-25',59,4,47,5,48),(85,'2023-12-04',56,1,53,3,3),(86,'2023-02-22',59,0,59,2,87),(87,'2023-10-07',68,1,38,3,85),(88,'2023-08-05',3,2,69,2,23),(89,'2023-09-09',69,1,53,4,68),(90,'2023-07-07',70,1,15,3,21),(91,'2023-02-10',59,1,26,4,43),(92,'2023-06-06',54,3,48,1,95),(93,'2023-01-15',71,2,19,2,85),(94,'2023-10-28',72,1,9,3,26),(95,'2023-03-06',73,1,64,5,41),(96,'2023-12-11',74,1,54,3,99),(97,'2023-11-23',75,0,51,3,38),(98,'2023-01-09',76,3,39,4,88),(99,'2023-12-10',77,0,4,4,11),(100,'2023-05-09',74,3,3,3,29),(101,'2023-05-16',22,1,64,3,60),(102,'2023-03-04',78,2,29,2,67),(103,'2023-05-19',62,4,11,5,65),(104,'2023-03-22',76,4,58,2,61),(105,'2023-06-12',79,1,27,3,19),(106,'2023-10-16',75,0,21,1,46),(107,'2023-09-18',80,2,39,2,49),(108,'2023-08-19',81,3,46,4,22),(109,'2023-02-10',82,1,66,2,78),(110,'2023-01-28',5,2,36,1,57),(111,'2023-05-15',6,2,65,3,14),(112,'2023-07-20',50,3,63,1,44),(113,'2023-11-24',83,2,35,1,16),(114,'2023-09-25',62,0,31,4,97),(115,'2023-02-02',84,0,28,4,77),(116,'2023-02-17',22,0,1,5,12),(117,'2023-03-03',85,2,25,5,55),(118,'2023-08-04',86,0,43,4,51),(119,'2023-10-20',87,3,67,1,39),(120,'2023-04-09',88,2,63,4,33),(121,'2023-06-21',89,4,51,4,33),(122,'2023-12-26',90,2,2,4,29),(123,'2023-08-02',72,3,64,3,69),(124,'2023-02-04',74,4,69,2,70),(125,'2023-08-15',91,2,9,4,31),(126,'2023-04-11',6,0,2,4,80),(127,'2023-05-11',74,1,34,5,31),(128,'2023-09-14',87,1,60,2,89),(129,'2023-01-05',92,0,61,2,46),(130,'2023-08-06',35,1,31,2,97),(131,'2023-09-12',93,1,10,4,77),(132,'2023-12-25',10,0,36,2,52),(133,'2023-10-10',76,0,49,1,10),(134,'2023-07-26',25,2,70,5,88),(135,'2023-01-15',94,2,49,1,74),(136,'2023-12-12',77,0,3,4,41),(137,'2023-02-11',95,3,5,3,95),(138,'2023-06-28',96,1,61,4,77),(139,'2023-03-04',97,2,26,4,3),(140,'2023-12-18',98,1,5,5,59),(141,'2023-08-19',27,4,15,5,52),(142,'2023-08-29',99,0,16,1,34),(143,'2023-02-21',44,3,1,1,49),(144,'2023-04-06',83,4,16,3,28),(145,'2023-08-10',57,4,37,4,83),(146,'2023-08-19',22,4,3,5,87),(147,'2023-08-25',3,0,52,3,96),(148,'2023-05-23',63,2,47,4,13),(149,'2023-06-20',87,0,13,2,97),(150,'2023-01-29',100,2,55,4,98),(151,'2023-02-05',101,4,21,5,97),(152,'2023-01-13',102,4,66,3,69),(153,'2023-06-09',103,3,54,3,67),(154,'2023-11-23',85,2,27,1,61),(155,'2023-07-06',57,4,38,4,60),(156,'2023-08-31',104,1,58,3,71),(157,'2023-03-27',73,3,62,2,24),(158,'2023-10-11',57,0,46,3,63),(159,'2023-03-07',41,3,11,3,86),(160,'2023-06-19',105,1,8,3,61),(161,'2023-02-14',106,2,71,4,23),(162,'2023-03-03',92,0,64,1,30),(163,'2023-05-14',107,0,21,4,60),(164,'2023-10-11',32,2,63,4,18),(165,'2023-01-28',108,3,64,3,96),(166,'2023-04-18',43,4,20,1,56),(167,'2023-02-13',109,3,8,4,53),(168,'2023-12-06',110,1,58,5,7),(169,'2023-10-13',111,4,46,2,97),(170,'2023-11-27',112,3,31,3,69),(171,'2023-05-08',113,2,9,2,92),(172,'2023-12-14',33,1,15,4,72),(173,'2023-08-19',114,1,26,2,79),(174,'2023-07-09',115,1,10,3,52),(175,'2023-08-13',38,4,29,4,4),(176,'2023-10-10',116,0,36,4,34),(177,'2023-05-01',44,4,37,3,69),(178,'2023-04-26',7,3,71,3,33),(179,'2023-08-21',37,0,23,4,69),(180,'2023-09-16',101,3,41,1,38),(181,'2023-12-25',16,0,28,1,98),(182,'2023-07-17',117,4,48,5,26),(183,'2023-05-17',100,1,38,1,1),(184,'2023-11-14',118,2,31,4,4),(185,'2023-06-14',77,1,14,5,39),(186,'2023-08-13',119,4,29,3,54),(187,'2023-11-03',120,0,51,3,90),(188,'2023-08-22',37,1,49,4,33),(189,'2023-06-21',15,4,43,5,33),(190,'2023-06-01',119,3,5,5,72),(191,'2023-11-11',121,2,42,4,20),(192,'2023-06-09',94,1,7,1,16),(193,'2023-04-06',12,0,42,4,21),(194,'2023-08-21',20,3,36,3,45),(195,'2023-06-29',117,4,27,3,90),(196,'2023-04-23',122,2,58,1,87),(197,'2023-11-14',67,0,46,2,82),(198,'2023-02-21',33,4,66,4,62),(199,'2023-09-25',89,4,25,3,31),(200,'2023-10-22',120,1,27,3,42),(201,'2023-04-23',31,1,1,3,12),(202,'2023-04-11',51,0,42,5,65),(203,'2023-04-23',123,4,52,4,73),(204,'2023-03-22',36,1,25,3,3),(205,'2023-07-06',15,2,54,2,90),(206,'2023-04-23',124,2,67,3,9),(207,'2023-01-02',100,4,6,5,51),(208,'2023-05-10',125,1,58,4,16),(209,'2023-08-08',22,0,70,3,88),(210,'2023-02-23',10,0,53,4,78),(211,'2023-12-09',70,0,66,3,3),(212,'2023-08-12',34,2,58,4,98),(213,'2023-08-13',126,1,2,3,97),(214,'2023-05-06',18,1,22,2,24),(215,'2023-05-10',127,2,37,2,73),(216,'2023-02-22',105,0,20,3,13),(217,'2023-06-21',128,0,24,5,2),(218,'2023-08-06',129,4,65,3,71),(219,'2023-06-09',59,3,65,5,21),(220,'2023-07-17',119,1,1,4,19),(221,'2023-09-04',21,1,3,2,89),(222,'2023-11-20',124,1,46,1,47),(223,'2023-07-22',130,3,55,2,22),(224,'2023-07-03',89,4,64,4,75),(225,'2023-05-03',68,3,45,2,33),(226,'2023-09-12',131,0,26,3,32),(227,'2023-10-21',2,0,65,3,64),(228,'2023-10-07',132,1,24,4,85),(229,'2023-11-21',115,2,35,2,39),(230,'2023-04-08',15,1,24,3,84),(231,'2023-07-17',40,2,28,3,72),(232,'2023-08-28',51,3,16,3,42),(233,'2023-05-24',133,0,59,4,9),(234,'2023-04-07',134,2,54,2,25),(235,'2023-07-20',26,3,16,4,89),(236,'2023-05-04',130,0,15,4,97),(237,'2023-07-06',135,2,11,4,2),(238,'2023-11-22',13,1,65,4,19),(239,'2023-12-15',45,1,68,3,20),(240,'2023-09-16',132,1,43,2,93),(241,'2023-05-28',99,3,69,4,70),(242,'2023-09-09',84,1,13,3,17),(243,'2023-12-12',81,4,10,4,89),(244,'2023-05-27',15,0,41,3,68),(245,'2023-05-28',136,3,50,5,94),(246,'2023-12-18',57,1,71,4,84),(247,'2023-07-18',26,0,59,1,3),(248,'2023-11-04',137,2,39,3,87),(249,'2023-05-08',37,1,3,4,51),(250,'2023-02-08',85,0,7,4,82),(251,'2023-12-04',59,4,49,3,26),(252,'2023-12-26',50,2,26,5,56),(253,'2023-05-09',90,4,33,3,64),(254,'2023-09-24',28,0,48,3,8),(255,'2023-05-31',58,4,2,5,81),(256,'2023-10-25',138,0,71,5,95),(257,'2023-04-09',115,0,32,4,37),(258,'2023-09-20',26,4,4,5,97),(259,'2023-09-09',93,0,20,1,27),(260,'2023-05-24',47,1,36,5,45),(261,'2023-12-12',139,0,32,3,4),(262,'2023-04-22',12,3,28,2,86),(263,'2023-03-01',140,0,1,2,90),(264,'2023-01-02',141,3,60,3,96),(265,'2023-10-31',37,0,56,3,88),(266,'2023-09-11',30,0,35,3,99),(267,'2023-05-20',94,4,30,2,37),(268,'2023-02-06',122,1,54,3,96),(269,'2023-06-09',66,1,36,4,71),(270,'2023-01-09',142,2,55,3,33),(271,'2023-08-21',134,4,58,3,31),(272,'2023-04-09',61,4,65,4,55),(273,'2023-05-27',59,1,69,5,12),(274,'2023-10-31',15,4,51,4,11),(275,'2023-07-27',52,1,22,3,88),(276,'2023-05-11',143,4,53,4,72),(277,'2023-06-01',144,0,36,2,32),(278,'2023-02-23',74,1,68,2,57),(279,'2023-04-30',121,1,36,3,38),(280,'2023-06-10',145,3,52,4,60),(281,'2023-04-26',146,4,53,2,86),(282,'2023-03-16',58,4,50,1,98),(283,'2023-04-23',5,1,41,2,19),(284,'2023-04-14',118,0,18,5,84),(285,'2023-12-06',34,0,22,4,56),(286,'2023-09-11',147,0,66,3,14),(287,'2023-08-15',148,4,21,4,33),(288,'2023-04-22',121,3,44,3,10),(289,'2023-04-09',58,1,47,4,80),(290,'2023-06-02',4,2,39,2,64),(291,'2023-12-15',70,3,29,5,64),(292,'2023-12-04',42,2,54,3,62),(293,'2023-07-13',144,3,17,4,68),(294,'2023-11-06',14,0,60,1,91),(295,'2023-06-12',120,4,31,3,92),(296,'2023-07-27',69,2,49,3,43),(297,'2023-06-18',128,3,2,3,80),(298,'2023-06-10',43,4,48,1,59),(299,'2023-03-09',149,2,14,4,52),(300,'2023-10-16',69,1,59,2,97),(301,'2023-10-04',114,3,58,4,19),(302,'2023-10-31',62,1,58,4,21),(303,'2023-05-15',111,0,51,4,22),(304,'2023-07-14',144,1,2,4,9),(305,'2023-05-08',34,1,41,4,9),(306,'2023-02-02',36,3,16,3,73),(307,'2023-06-25',150,0,4,4,27),(308,'2023-01-22',131,1,12,3,17),(309,'2023-08-26',30,4,29,4,44),(310,'2023-06-07',58,2,7,4,45),(311,'2023-02-07',32,1,14,3,8),(312,'2023-08-18',101,0,12,3,80),(313,'2023-12-31',139,1,5,3,18),(314,'2023-02-20',80,2,32,4,33),(315,'2023-09-21',48,0,43,5,1),(316,'2023-10-10',119,3,69,3,76),(317,'2023-01-27',151,0,45,4,6),(318,'2023-08-14',121,3,9,5,41),(319,'2023-10-04',152,0,49,1,55),(320,'2023-10-13',153,2,33,2,5),(321,'2023-04-07',83,2,18,4,59),(322,'2023-10-11',153,0,9,4,80),(323,'2023-11-13',2,1,62,5,18),(324,'2023-10-31',7,2,57,3,49),(325,'2023-05-27',154,3,29,1,82),(326,'2023-01-04',155,3,25,3,65),(327,'2023-02-04',156,4,15,2,83),(328,'2023-07-11',60,3,6,3,54),(329,'2023-02-18',155,4,42,4,61),(330,'2023-01-17',95,0,29,1,8),(331,'2023-06-21',115,0,4,4,3),(332,'2023-08-08',29,0,57,3,25),(333,'2023-06-07',157,1,49,4,69),(334,'2023-02-15',158,1,44,1,55),(335,'2023-01-06',143,4,14,3,40),(336,'2023-04-09',87,3,3,1,83),(337,'2023-08-21',159,3,62,5,82),(338,'2023-02-06',99,0,64,4,50),(339,'2023-10-07',44,2,45,3,95),(340,'2023-12-15',10,1,58,2,33),(341,'2023-10-29',160,1,20,5,18),(342,'2023-06-30',161,0,58,3,57),(343,'2023-04-05',103,1,57,2,16),(344,'2023-04-09',162,0,68,4,80),(345,'2023-07-07',6,4,52,5,38),(346,'2023-04-26',108,3,37,1,41),(347,'2023-07-10',61,2,8,2,7),(348,'2023-09-10',33,3,44,5,78),(349,'2023-06-10',67,3,5,2,53),(350,'2023-09-13',9,4,69,2,63),(351,'2023-11-19',163,1,31,4,89),(352,'2023-05-08',81,2,45,5,32),(353,'2023-01-18',129,1,9,3,38),(354,'2023-10-08',164,3,32,5,22),(355,'2023-08-11',135,0,33,4,16),(356,'2023-02-23',138,3,67,1,52),(357,'2023-02-27',32,1,30,5,29),(358,'2023-11-19',165,3,29,3,16),(359,'2023-12-26',127,0,3,3,76),(360,'2023-06-23',134,4,57,4,17),(361,'2023-10-07',94,1,30,3,64),(362,'2023-04-24',46,3,9,1,91),(363,'2023-10-15',19,1,26,1,89),(364,'2023-12-08',38,4,2,3,13),(365,'2023-05-31',66,3,62,4,72),(366,'2023-05-07',124,3,3,4,56),(367,'2023-06-04',145,1,46,5,5),(368,'2023-09-30',166,1,68,3,12),(369,'2023-04-14',167,0,25,3,41),(370,'2023-10-26',51,4,51,2,3),(371,'2023-09-03',168,0,13,2,99),(372,'2023-06-25',115,3,44,3,33),(373,'2023-02-08',88,1,35,4,86),(374,'2023-06-19',169,3,55,5,50),(375,'2023-09-04',108,3,9,5,56),(376,'2023-01-26',125,2,2,2,9),(377,'2023-12-21',170,2,61,5,82),(378,'2023-11-02',55,3,41,3,50),(379,'2023-01-13',127,1,44,2,29),(380,'2023-11-12',154,3,64,5,39),(381,'2023-11-09',54,2,31,4,91),(382,'2023-02-05',106,1,47,2,45),(383,'2023-06-22',116,3,2,3,17),(384,'2023-01-20',61,4,69,3,56),(385,'2023-11-17',171,4,58,4,98),(386,'2023-09-21',18,3,44,3,46),(387,'2023-05-22',48,1,56,5,67),(388,'2023-05-23',64,3,43,1,69),(389,'2023-04-02',113,3,34,3,14),(390,'2023-12-20',35,2,30,3,67),(391,'2023-11-18',148,4,71,3,23),(392,'2023-10-15',31,2,70,3,94),(393,'2023-08-03',110,2,55,4,61),(394,'2023-12-08',81,3,67,5,23),(395,'2023-02-20',98,2,13,5,27),(396,'2023-06-02',120,4,3,4,54),(397,'2023-07-05',112,2,26,5,10),(398,'2023-03-04',3,4,57,4,89),(399,'2023-07-09',12,2,24,4,77),(400,'2023-05-05',169,4,53,3,16),(401,'2023-05-30',172,2,70,3,41),(402,'2023-11-10',67,2,43,3,98),(403,'2023-02-27',130,1,60,3,55),(404,'2023-12-08',8,4,58,3,61),(405,'2023-11-01',93,4,49,5,86),(406,'2023-06-29',65,4,42,3,81),(407,'2023-06-19',51,0,66,1,87),(408,'2023-11-22',104,2,11,3,49),(409,'2023-09-28',113,4,18,1,73),(410,'2023-02-23',101,0,52,2,52),(411,'2023-04-11',39,1,46,2,2),(412,'2023-09-21',10,4,44,3,96),(413,'2023-02-22',149,4,22,3,50),(414,'2023-03-01',102,0,53,4,86),(415,'2023-04-18',173,2,59,4,43),(416,'2023-01-05',114,1,30,3,77),(417,'2023-04-13',174,4,8,3,8),(418,'2023-07-15',95,2,57,3,59),(419,'2023-09-19',94,1,20,4,65),(420,'2023-12-31',96,3,25,1,81),(421,'2023-12-16',115,3,19,1,12),(422,'2023-02-16',117,1,5,4,4),(423,'2023-12-21',44,0,27,3,77),(424,'2023-11-07',38,1,40,2,95),(425,'2023-11-04',44,1,26,2,41),(426,'2023-05-24',77,0,27,5,7),(427,'2023-09-26',142,0,62,5,87),(428,'2023-05-04',128,2,50,4,88),(429,'2023-04-16',56,2,42,3,69),(430,'2023-06-07',149,0,29,3,69),(431,'2023-05-27',169,3,39,5,81),(432,'2023-05-25',121,3,60,5,30),(433,'2023-04-30',73,1,41,2,73),(434,'2023-11-15',21,4,33,4,6),(435,'2023-10-02',40,1,16,2,89),(436,'2023-04-02',27,1,23,2,19),(437,'2023-02-27',175,4,7,4,80),(438,'2023-12-12',75,0,26,3,85),(439,'2023-08-17',95,3,12,5,66),(440,'2023-04-27',99,1,5,1,10),(441,'2023-11-14',135,4,69,3,16),(442,'2023-10-06',104,2,49,5,37),(443,'2023-05-07',88,1,26,5,79),(444,'2023-05-09',51,3,5,2,77),(445,'2023-02-27',66,0,22,3,77),(446,'2023-05-02',17,1,13,4,32),(447,'2023-01-01',38,1,28,2,47),(448,'2023-08-27',18,4,33,5,72),(449,'2023-10-17',143,2,23,5,43),(450,'2023-04-06',176,2,18,2,82),(451,'2023-05-06',105,0,30,2,36),(452,'2023-04-28',57,3,26,1,26),(453,'2023-02-17',54,0,16,5,10),(454,'2023-03-30',124,1,39,2,31),(455,'2023-08-25',56,1,33,3,97),(456,'2023-09-29',36,2,26,3,29),(457,'2023-07-08',146,3,48,4,5),(458,'2023-07-11',129,4,65,1,77),(459,'2023-03-10',9,3,38,2,1),(460,'2023-10-05',59,1,2,5,87),(461,'2023-12-15',177,4,6,5,3),(462,'2023-09-04',169,3,46,4,67),(463,'2023-03-17',172,3,50,1,71),(464,'2023-06-03',140,4,38,3,35),(465,'2023-05-24',16,1,18,4,15),(466,'2023-03-27',178,3,27,3,67),(467,'2023-07-04',128,4,41,5,93),(468,'2023-10-12',26,1,17,4,30),(469,'2023-08-08',136,4,62,1,82),(470,'2023-03-10',18,4,29,5,75),(471,'2023-02-16',83,3,58,5,43),(472,'2023-04-04',120,1,70,1,60),(473,'2023-08-26',121,3,22,3,40),(474,'2023-07-23',87,0,6,3,65),(475,'2023-08-06',172,0,26,3,29),(476,'2023-12-07',28,1,39,2,74),(477,'2023-02-08',179,4,12,4,92),(478,'2023-04-10',49,3,14,5,95),(479,'2023-10-16',144,3,22,3,19),(480,'2023-09-11',117,1,51,1,3),(481,'2023-08-10',135,1,23,4,36),(482,'2023-12-23',84,0,48,3,43),(483,'2023-01-23',68,2,71,5,15),(484,'2023-09-07',124,1,50,3,97),(485,'2023-01-10',53,2,13,2,41),(486,'2023-09-03',172,1,10,2,90),(487,'2023-11-21',20,4,55,4,80),(488,'2023-04-10',165,4,9,3,36),(489,'2023-10-17',51,0,52,4,97),(490,'2023-06-29',88,0,2,2,84),(491,'2023-08-11',96,2,25,3,77),(492,'2023-09-07',87,1,13,3,33),(493,'2023-05-27',58,3,51,5,5),(494,'2023-04-06',5,0,58,5,78),(495,'2023-09-14',180,3,34,2,91),(496,'2023-11-21',130,3,35,3,87),(497,'2023-01-04',65,1,3,2,14),(498,'2023-01-16',7,2,59,3,68),(499,'2023-10-07',96,1,70,3,83),(500,'2023-12-02',81,0,48,5,47),(501,'2023-09-04',70,3,64,5,54),(502,'2023-09-15',46,1,19,3,4),(503,'2023-06-09',181,1,67,3,94),(504,'2023-12-06',31,1,5,5,83),(505,'2023-06-01',153,0,67,4,95),(506,'2023-06-27',33,2,11,1,95),(507,'2023-06-12',94,1,68,3,9),(508,'2023-02-02',152,0,69,3,53),(509,'2023-06-28',43,3,1,2,77),(510,'2023-04-11',165,4,63,2,78),(511,'2023-09-25',157,0,29,1,60),(512,'2023-11-19',182,4,12,4,46),(513,'2023-03-06',183,1,41,3,54),(514,'2023-06-17',55,1,2,1,74),(515,'2023-11-26',128,0,37,2,95),(516,'2023-02-12',145,4,45,4,37),(517,'2023-02-13',18,1,48,5,23),(518,'2023-10-12',46,3,24,3,27),(519,'2023-01-12',86,2,22,3,70),(520,'2023-04-05',21,2,11,5,90),(521,'2023-10-29',129,1,58,2,66),(522,'2023-09-10',29,4,46,2,61),(523,'2023-08-30',184,1,29,3,77),(524,'2023-02-04',169,4,35,2,51),(525,'2023-08-03',146,3,15,3,50),(526,'2023-12-03',108,4,60,5,19),(527,'2023-03-31',105,1,42,4,1),(528,'2023-09-21',12,3,43,3,40),(529,'2023-04-03',79,0,49,5,32),(530,'2023-03-31',129,2,64,1,22),(531,'2023-04-25',56,1,32,2,93),(532,'2023-04-15',72,1,64,4,66),(533,'2023-07-15',32,1,2,4,40),(534,'2023-11-10',167,3,24,1,38),(535,'2023-04-24',42,0,66,3,48),(536,'2023-03-16',64,4,38,4,55),(537,'2023-08-05',85,0,31,4,75),(538,'2023-10-04',2,3,26,4,81),(539,'2023-09-06',180,1,29,3,55),(540,'2023-06-13',185,2,67,1,51),(541,'2023-12-23',129,1,25,3,60),(542,'2023-07-11',186,4,48,2,8),(543,'2023-08-15',66,2,65,5,86),(544,'2023-06-26',121,1,53,3,68),(545,'2023-04-09',185,2,67,3,75),(546,'2023-02-05',171,0,18,4,72),(547,'2023-04-06',138,3,9,3,9),(548,'2023-06-01',11,1,38,3,90),(549,'2023-05-31',85,4,21,4,2),(550,'2023-07-09',141,0,65,5,80),(551,'2023-08-12',187,1,21,4,95),(552,'2023-02-06',150,0,27,1,70),(553,'2023-09-25',50,4,70,4,85),(554,'2023-07-02',56,1,44,4,90),(555,'2023-01-13',101,4,28,2,59),(556,'2023-10-06',115,2,45,2,19),(557,'2023-08-05',104,4,17,5,28),(558,'2023-12-21',28,2,40,1,72),(559,'2023-12-27',78,1,3,4,14),(560,'2023-10-13',180,2,66,3,24),(561,'2023-09-30',90,1,46,3,44),(562,'2023-03-03',188,1,30,1,56),(563,'2023-03-25',5,3,69,4,90),(564,'2023-08-05',138,1,9,3,95),(565,'2023-12-08',64,2,11,3,51),(566,'2023-07-06',145,3,69,4,32),(567,'2023-01-19',13,3,66,4,50),(568,'2023-06-26',107,1,31,5,41),(569,'2023-04-10',14,4,33,3,66),(570,'2023-08-21',132,4,39,3,25),(571,'2023-03-17',1,3,46,5,61),(572,'2023-09-22',93,1,37,4,66),(573,'2023-10-11',151,4,60,3,42),(574,'2023-07-25',32,1,31,2,65),(575,'2023-08-11',138,1,11,4,36),(576,'2023-02-21',92,3,2,3,76),(577,'2023-12-05',55,3,27,4,9),(578,'2023-05-24',104,0,2,3,36),(579,'2023-03-10',108,4,21,2,92),(580,'2023-04-09',64,4,58,4,38),(581,'2023-01-25',152,4,5,1,33),(582,'2023-02-22',173,2,52,3,42),(583,'2023-05-31',174,1,45,3,61),(584,'2023-05-24',17,3,20,3,46),(585,'2023-02-26',20,4,61,4,86),(586,'2023-02-08',26,0,38,4,89),(587,'2023-04-19',188,4,20,4,61),(588,'2023-06-30',131,1,25,1,18),(589,'2023-02-11',80,1,2,2,70),(590,'2023-07-05',103,3,32,3,82),(591,'2023-08-11',128,2,26,5,80),(592,'2023-05-02',108,3,70,4,15),(593,'2023-05-13',176,4,41,4,48),(594,'2023-06-12',105,0,67,3,72),(595,'2023-08-03',147,3,1,3,13),(596,'2023-08-09',68,2,51,3,43),(597,'2023-08-23',56,3,5,2,60),(598,'2023-11-27',90,1,13,1,57),(599,'2023-05-26',15,4,19,5,71),(600,'2023-08-27',101,4,12,2,17),(601,'2023-03-17',131,4,48,2,50),(602,'2023-01-09',44,4,25,1,32),(603,'2023-03-15',28,4,57,5,22),(604,'2023-09-10',189,4,35,4,55),(605,'2023-08-18',64,0,5,4,57),(606,'2023-01-07',130,2,22,5,13),(607,'2023-06-23',190,4,57,3,47),(608,'2023-05-21',167,2,47,4,87),(609,'2023-06-17',165,4,54,1,62),(610,'2023-06-19',43,3,3,2,54),(611,'2023-10-10',99,4,53,4,29),(612,'2023-05-02',42,1,31,4,22),(613,'2023-07-13',15,0,69,3,65),(614,'2023-01-05',149,3,33,3,29),(615,'2023-01-29',31,3,50,3,48),(616,'2023-06-14',118,1,16,1,5),(617,'2023-12-05',83,4,39,2,35),(618,'2023-05-16',102,0,46,2,74),(619,'2023-12-31',120,3,47,3,83),(620,'2023-11-17',123,0,44,4,71),(621,'2023-12-08',1,3,9,3,46),(622,'2023-05-25',32,4,50,2,35),(623,'2023-11-23',191,3,60,3,45),(624,'2023-08-05',6,3,15,5,13),(625,'2023-10-28',6,2,36,2,10),(626,'2023-05-12',149,4,63,1,66),(627,'2023-10-19',87,1,69,3,70),(628,'2023-03-11',132,1,41,4,72),(629,'2023-09-09',19,4,24,4,25),(630,'2023-10-02',163,1,49,4,44),(631,'2023-12-30',162,4,18,5,60),(632,'2023-07-01',113,1,7,4,47),(633,'2023-06-16',176,2,4,4,40),(634,'2023-04-01',50,1,69,3,7),(635,'2023-07-21',23,3,60,1,46),(636,'2023-12-12',4,4,55,5,23),(637,'2023-01-19',157,0,16,3,83),(638,'2023-02-08',28,0,29,2,46),(639,'2023-05-06',65,4,23,4,86),(640,'2023-06-22',1,2,14,3,13),(641,'2023-05-21',187,1,49,4,21),(642,'2023-08-30',11,2,33,4,1),(643,'2023-08-08',32,0,25,3,19),(644,'2023-05-06',60,4,21,4,60),(645,'2023-02-27',53,4,17,3,33),(646,'2023-05-28',17,2,23,3,4),(647,'2023-11-13',92,2,57,3,3),(648,'2023-12-27',151,1,58,4,91),(649,'2023-01-01',16,3,14,4,52),(650,'2023-12-14',169,3,20,3,99),(651,'2023-07-09',44,1,30,4,28),(652,'2023-07-10',45,3,19,2,70),(653,'2023-11-08',90,0,53,5,70),(654,'2023-04-27',69,3,56,3,55),(655,'2023-05-14',50,1,23,4,57),(656,'2023-02-27',115,3,62,1,87),(657,'2023-02-13',33,4,33,2,97),(658,'2023-06-22',160,2,18,3,16),(659,'2023-06-09',64,0,33,5,24),(660,'2023-06-22',35,4,32,3,69),(661,'2023-11-13',185,4,61,5,41),(662,'2023-10-30',19,1,54,3,77),(663,'2023-05-29',38,2,17,3,47),(664,'2023-03-21',124,2,19,2,76),(665,'2023-08-01',6,0,70,4,69),(666,'2023-07-22',192,1,34,2,31),(667,'2023-09-09',128,0,25,5,92),(668,'2023-08-17',147,3,68,5,92),(669,'2023-06-13',22,4,11,5,30),(670,'2023-08-15',43,0,16,3,18),(671,'2023-05-27',107,4,61,4,44),(672,'2023-01-20',152,1,7,4,27),(673,'2023-02-16',100,3,16,2,99),(674,'2023-08-21',55,1,16,4,26),(675,'2023-11-01',68,3,40,1,60),(676,'2023-01-14',108,3,12,3,18),(677,'2023-05-23',41,4,35,2,97),(678,'2023-01-01',152,1,21,2,89),(679,'2023-02-23',193,1,50,3,56),(680,'2023-09-16',159,0,43,3,31),(681,'2023-05-24',135,1,17,4,59),(682,'2023-01-12',134,0,32,1,2),(683,'2023-11-26',38,2,41,3,97),(684,'2023-08-12',184,2,6,2,39),(685,'2023-09-29',28,2,27,4,61),(686,'2023-12-24',42,1,20,4,63),(687,'2023-06-05',94,1,25,4,96),(688,'2023-01-08',168,0,66,4,18),(689,'2023-05-02',69,3,9,3,17),(690,'2023-12-14',175,0,53,4,98),(691,'2023-06-13',38,2,61,3,39),(692,'2023-03-31',169,0,38,3,71),(693,'2023-05-16',38,3,3,4,54),(694,'2023-07-05',126,1,70,1,99),(695,'2023-11-12',75,0,55,4,94),(696,'2023-06-27',191,2,1,4,76),(697,'2023-01-28',155,2,70,3,35),(698,'2023-08-08',179,1,45,1,11),(699,'2023-12-23',12,0,47,1,61),(700,'2023-02-10',111,3,26,5,44),(701,'2023-08-16',62,1,14,4,68),(702,'2023-07-11',165,0,54,2,25),(703,'2023-05-25',165,4,71,3,48),(704,'2023-07-20',194,2,46,4,32),(705,'2023-07-31',123,3,31,4,84),(706,'2023-08-08',11,3,59,1,95),(707,'2023-08-28',102,3,29,2,4),(708,'2023-02-15',184,2,17,5,38),(709,'2023-02-04',53,0,14,1,63),(710,'2023-09-10',174,1,36,2,47),(711,'2023-03-23',185,0,58,5,1),(712,'2023-09-13',106,1,24,4,3),(713,'2023-07-16',195,3,63,3,86),(714,'2023-10-30',76,0,25,1,62),(715,'2023-01-10',61,3,59,1,64),(716,'2023-11-08',29,4,32,2,17),(717,'2023-10-13',153,3,18,5,78),(718,'2023-08-30',107,3,37,3,62),(719,'2023-09-08',184,1,26,4,35),(720,'2023-12-31',196,4,9,5,13),(721,'2023-01-05',112,3,64,3,35),(722,'2023-04-29',63,3,20,2,43),(723,'2023-10-16',185,4,54,3,2),(724,'2023-03-06',8,4,30,5,56),(725,'2023-05-26',187,0,53,4,77),(726,'2023-08-12',102,1,63,1,51),(727,'2023-08-27',174,4,11,4,54),(728,'2023-06-26',138,4,31,4,16),(729,'2023-09-24',56,2,49,5,18),(730,'2023-12-07',86,4,19,2,7),(731,'2023-10-09',157,1,12,3,45),(732,'2023-03-04',106,3,15,5,36),(733,'2023-08-05',158,3,31,3,41),(734,'2023-12-08',189,3,43,3,94),(735,'2023-11-11',172,3,37,1,42),(736,'2023-10-10',56,2,29,3,7),(737,'2023-06-26',66,4,26,3,15),(738,'2023-04-08',11,3,2,5,60),(739,'2023-04-15',101,0,15,3,40),(740,'2023-04-09',76,3,4,3,83),(741,'2023-11-07',142,4,50,4,37),(742,'2023-01-06',18,3,38,2,66),(743,'2023-07-16',57,2,23,3,55),(744,'2023-12-17',169,1,59,4,77),(745,'2023-05-13',29,1,28,5,95),(746,'2023-12-24',71,4,66,4,80),(747,'2023-09-16',131,1,8,4,56),(748,'2023-01-23',88,1,29,2,44),(749,'2023-02-22',23,0,11,5,57),(750,'2023-06-14',170,4,18,2,6),(751,'2023-07-21',138,4,55,4,92),(752,'2023-03-24',130,1,50,3,32),(753,'2023-05-25',83,1,14,5,74),(754,'2023-03-26',15,1,9,4,18),(755,'2023-03-19',133,2,11,4,68),(756,'2023-01-01',41,3,63,2,73),(757,'2023-02-20',181,2,67,3,7),(758,'2023-06-22',108,4,53,4,8),(759,'2023-07-24',166,0,39,4,64),(760,'2023-09-17',80,3,56,2,7),(761,'2023-10-15',99,0,28,5,41),(762,'2023-02-03',150,4,39,5,40),(763,'2023-12-14',92,4,25,3,3),(764,'2023-04-05',71,0,21,4,17),(765,'2023-03-13',18,0,10,3,66),(766,'2023-02-08',172,0,43,3,79),(767,'2023-06-03',40,4,15,3,93),(768,'2023-09-07',65,1,48,4,52),(769,'2023-06-11',8,0,21,4,22),(770,'2023-04-28',84,3,60,3,4),(771,'2023-09-16',173,4,50,4,6),(772,'2023-11-02',166,2,23,4,38),(773,'2023-09-25',32,2,13,4,26),(774,'2023-02-23',197,3,69,1,11),(775,'2023-08-24',46,1,4,5,90),(776,'2023-08-10',71,0,9,3,17),(777,'2023-09-08',122,4,35,3,88),(778,'2023-11-09',115,0,21,2,92),(779,'2023-04-22',77,4,58,3,99),(780,'2023-09-12',89,2,18,5,31),(781,'2023-10-30',60,0,43,3,77),(782,'2023-07-26',153,3,6,4,35),(783,'2023-08-17',115,1,67,1,16),(784,'2023-12-07',192,3,12,3,79),(785,'2023-03-07',75,1,12,5,18),(786,'2023-03-16',3,0,66,4,62),(787,'2023-04-13',73,0,2,2,27),(788,'2023-07-11',181,1,15,3,35),(789,'2023-09-09',187,2,23,2,45),(790,'2023-08-14',59,4,29,3,35),(791,'2023-10-21',196,3,7,4,28),(792,'2023-11-02',96,3,28,4,9),(793,'2023-04-08',198,3,14,2,76),(794,'2023-12-04',115,0,44,5,15),(795,'2023-10-13',167,3,30,4,21),(796,'2023-12-01',163,4,32,3,52),(797,'2023-12-13',85,4,70,3,35),(798,'2023-11-04',56,1,6,4,97),(799,'2023-09-06',72,0,27,4,51),(800,'2023-06-15',161,4,24,3,83),(801,'2023-12-01',115,2,34,3,55),(802,'2023-01-30',74,0,40,2,87),(803,'2023-09-04',125,0,47,4,77),(804,'2023-04-16',182,4,24,3,44),(805,'2023-02-20',58,2,65,2,65),(806,'2023-03-22',10,1,18,4,93),(807,'2023-05-13',122,4,44,5,88),(808,'2023-10-12',13,2,57,5,80),(809,'2023-05-18',166,0,28,3,25),(810,'2023-07-03',98,2,71,2,87),(811,'2023-11-26',160,0,23,3,92),(812,'2023-09-30',135,4,34,2,47),(813,'2023-12-06',186,4,11,5,80),(814,'2023-03-10',90,3,35,2,56),(815,'2023-02-03',111,3,42,3,38),(816,'2023-09-19',199,3,28,3,11),(817,'2023-02-22',87,4,24,3,67),(818,'2023-07-24',16,1,8,4,15),(819,'2023-05-06',128,4,53,3,1),(820,'2023-08-23',13,2,4,2,7),(821,'2023-02-12',191,4,5,3,1),(822,'2023-08-28',155,4,49,3,49),(823,'2023-04-21',78,0,30,2,96),(824,'2023-09-06',159,0,63,4,73),(825,'2023-05-31',146,0,47,4,29),(826,'2023-07-02',37,4,26,4,26),(827,'2023-12-02',196,1,57,5,87),(828,'2023-04-05',147,2,37,5,45),(829,'2023-01-08',61,2,7,5,93),(830,'2023-12-26',72,1,40,2,97),(831,'2023-07-03',34,1,39,2,71),(832,'2023-10-08',136,2,62,3,12),(833,'2023-07-14',23,3,53,5,95),(834,'2023-12-18',39,0,4,5,32),(835,'2023-07-14',124,0,25,5,20),(836,'2023-06-04',164,2,7,2,51),(837,'2023-04-03',172,1,28,5,81),(838,'2023-06-09',141,3,69,3,36),(839,'2023-03-02',72,2,67,1,67),(840,'2023-05-02',98,0,20,3,1),(841,'2023-02-20',43,4,11,1,27),(842,'2023-10-04',41,1,67,3,40),(843,'2023-01-05',198,4,7,3,97),(844,'2023-04-02',65,2,23,3,84),(845,'2023-06-19',42,0,61,4,14),(846,'2023-11-13',67,3,71,5,69),(847,'2023-01-22',144,4,34,4,87),(848,'2023-11-22',181,3,19,3,79),(849,'2023-01-01',98,0,58,4,6),(850,'2023-05-13',198,4,9,5,33),(851,'2023-08-21',197,3,48,2,55),(852,'2023-01-12',130,3,41,3,19),(853,'2023-12-12',146,4,48,3,77),(854,'2023-02-15',42,0,45,1,29),(855,'2023-02-03',71,3,25,4,61),(856,'2023-03-19',9,2,25,5,70),(857,'2023-08-06',174,4,19,2,79),(858,'2023-10-28',164,1,39,4,80),(859,'2023-03-14',41,1,27,5,24),(860,'2023-10-09',113,0,63,5,23),(861,'2023-09-06',146,2,68,3,10),(862,'2023-02-16',99,3,19,5,54),(863,'2023-05-01',101,1,28,3,41),(864,'2023-08-02',72,0,33,4,49),(865,'2023-08-27',64,2,10,1,17),(866,'2023-02-25',130,2,30,1,56),(867,'2023-12-16',18,0,22,4,45),(868,'2023-04-17',186,0,3,3,30),(869,'2023-11-15',13,3,48,3,44),(870,'2023-02-17',19,0,2,2,74),(871,'2023-03-02',61,3,54,4,55),(872,'2023-12-03',152,3,6,1,19),(873,'2023-01-26',29,4,40,4,29),(874,'2023-10-19',15,2,2,1,2),(875,'2023-09-14',31,2,2,2,36),(876,'2023-01-08',10,2,55,3,19),(877,'2023-04-23',131,4,60,3,7),(878,'2023-12-21',43,3,6,3,26),(879,'2023-09-10',192,3,19,3,79),(880,'2023-06-29',39,0,27,5,38),(881,'2023-07-26',43,4,1,4,3),(882,'2023-10-30',199,0,33,1,80),(883,'2023-05-07',141,4,40,3,66),(884,'2023-02-25',39,0,32,5,95),(885,'2023-08-02',157,1,69,3,92),(886,'2023-01-14',118,2,17,1,71),(887,'2023-01-28',25,2,8,4,94),(888,'2023-03-19',61,3,57,4,43),(889,'2023-08-04',58,1,42,4,62),(890,'2023-12-31',44,2,9,1,71),(891,'2023-06-03',184,3,35,2,93),(892,'2023-01-14',75,1,71,4,24),(893,'2023-07-06',177,2,53,2,39),(894,'2023-11-08',123,0,54,3,68),(895,'2023-01-07',91,4,25,3,93),(896,'2023-01-03',44,1,67,3,44),(897,'2023-04-21',59,3,62,5,5),(898,'2023-08-26',131,1,55,4,55),(899,'2023-12-29',116,3,46,4,93),(900,'2023-08-27',65,1,24,1,30),(901,'2023-10-01',35,3,46,2,29),(902,'2023-10-21',188,2,22,3,26),(903,'2023-08-15',101,0,11,2,83),(904,'2023-01-15',187,2,48,5,26),(905,'2023-07-11',179,0,8,2,37),(906,'2023-04-29',149,2,39,3,91),(907,'2023-01-28',81,2,35,3,94),(908,'2023-07-21',111,1,49,4,53),(909,'2023-02-08',99,4,46,2,30),(910,'2023-09-30',2,3,38,3,3),(911,'2023-08-19',12,3,8,3,43),(912,'2023-03-27',187,3,54,5,7),(913,'2023-05-06',62,0,37,1,49),(914,'2023-10-27',158,3,40,5,73),(915,'2023-01-25',75,3,34,4,41),(916,'2023-05-25',138,1,17,3,77),(917,'2023-01-13',2,2,33,4,79),(918,'2023-07-31',189,3,47,1,54),(919,'2023-01-25',182,4,52,5,69),(920,'2023-03-09',51,3,9,3,93),(921,'2023-03-08',40,0,33,3,99),(922,'2023-08-21',145,0,60,3,91),(923,'2023-04-19',66,0,21,1,27),(924,'2023-05-26',61,3,58,5,8),(925,'2023-04-21',145,1,69,1,32),(926,'2023-08-16',100,4,10,4,84),(927,'2023-04-21',198,3,6,3,64),(928,'2023-02-03',113,1,13,5,10),(929,'2023-04-21',20,1,65,2,13),(930,'2023-09-21',110,3,20,3,63),(931,'2023-08-24',161,3,57,3,93),(932,'2023-03-24',9,1,46,4,35),(933,'2023-02-11',26,1,8,1,61),(934,'2023-04-11',57,1,10,2,54),(935,'2023-01-06',176,3,67,2,8),(936,'2023-06-29',160,1,11,4,29),(937,'2023-10-09',50,0,12,2,95),(938,'2023-11-16',3,3,10,4,41),(939,'2023-08-14',19,0,25,2,30),(940,'2023-11-11',191,2,49,5,86),(941,'2023-12-31',17,3,49,5,21),(942,'2023-08-17',145,2,11,3,76),(943,'2023-10-16',187,1,62,3,11),(944,'2023-05-30',116,1,36,2,2),(945,'2023-10-04',134,4,39,1,50),(946,'2023-07-17',144,1,53,3,41),(947,'2023-03-11',43,2,56,4,66),(948,'2023-04-22',4,1,1,3,98),(949,'2023-01-04',111,3,56,5,3),(950,'2023-12-16',28,1,4,3,80),(951,'2023-11-27',13,4,30,4,51),(952,'2023-11-14',28,1,12,3,68),(953,'2023-12-16',73,2,35,3,87),(954,'2023-04-05',109,2,52,3,84),(955,'2023-06-01',153,1,31,3,25),(956,'2023-11-07',13,2,68,3,30),(957,'2023-05-17',52,2,52,4,82),(958,'2023-09-04',3,4,7,5,11),(959,'2023-08-31',196,3,22,3,93),(960,'2023-01-31',166,4,56,1,17),(961,'2023-02-09',51,0,58,3,26),(962,'2023-08-17',109,4,64,3,23),(963,'2023-02-05',1,1,12,2,56),(964,'2023-08-11',109,3,7,4,52),(965,'2023-01-06',116,1,55,5,48),(966,'2023-11-18',29,0,62,5,20),(967,'2023-08-08',110,3,55,2,2),(968,'2023-03-16',46,2,36,5,88),(969,'2023-01-04',172,4,24,4,31),(970,'2023-12-01',148,1,44,3,27),(971,'2023-05-14',172,0,17,3,2),(972,'2023-04-28',85,2,2,4,78),(973,'2023-04-04',124,4,13,3,4),(974,'2023-03-03',184,2,31,3,13),(975,'2023-07-13',113,4,28,3,35),(976,'2023-12-01',155,3,60,4,72),(977,'2023-07-22',121,2,27,2,66),(978,'2023-01-26',106,2,15,5,6),(979,'2023-06-22',93,2,33,4,31),(980,'2023-10-27',91,3,20,4,10),(981,'2023-05-13',161,0,42,1,21),(982,'2023-11-22',67,4,12,4,74),(983,'2023-04-28',79,2,23,2,23),(984,'2023-11-20',58,3,14,1,3),(985,'2023-10-02',114,0,25,3,32),(986,'2023-07-31',178,4,31,3,20),(987,'2023-08-13',157,3,54,4,74),(988,'2023-01-20',68,4,5,1,29),(989,'2023-04-23',55,2,13,3,52),(990,'2023-05-20',40,0,28,2,46),(991,'2023-02-16',108,3,43,5,34),(992,'2023-01-01',150,0,47,4,84),(993,'2023-03-31',175,2,71,4,61),(994,'2023-05-22',45,0,38,3,72),(995,'2023-11-16',165,0,67,1,71),(996,'2023-02-07',146,1,62,5,70),(997,'2023-10-20',133,0,39,3,11),(998,'2023-05-19',36,4,37,3,82),(999,'2023-12-22',136,3,8,4,93),(1000,'2023-11-29',42,1,52,1,89);
/*!40000 ALTER TABLE `soporte` ENABLE KEYS */;
UNLOCK TABLES;

--
-- Table structure for table `ventas`
--

DROP TABLE IF EXISTS `ventas`;
/*!40101 SET @saved_cs_client     = @@character_set_client */;
/*!50503 SET character_set_client = utf8mb4 */;
CREATE TABLE `ventas` (
  `Venta_ID` int NOT NULL AUTO_INCREMENT,
  `Fecha` date NOT NULL,
  `Cliente_ID` int DEFAULT NULL,
  `Producto_ID` int DEFAULT NULL,
  `Monto_Venta` int DEFAULT NULL,
  `Cantidad_Productos` int DEFAULT NULL,
  PRIMARY KEY (`Venta_ID`),
  KEY `Cliente_ID` (`Cliente_ID`),
  KEY `Producto_ID` (`Producto_ID`),
  CONSTRAINT `ventas_ibfk_1` FOREIGN KEY (`Cliente_ID`) REFERENCES `clientes` (`Cliente_ID`),
  CONSTRAINT `ventas_ibfk_2` FOREIGN KEY (`Producto_ID`) REFERENCES `productos` (`Producto_ID`)
) ENGINE=InnoDB AUTO_INCREMENT=1001 DEFAULT CHARSET=utf8mb4 COLLATE=utf8mb4_0900_ai_ci;
/*!40101 SET character_set_client = @saved_cs_client */;

--
-- Dumping data for table `ventas`
--

LOCK TABLES `ventas` WRITE;
/*!40000 ALTER TABLE `ventas` DISABLE KEYS */;
INSERT INTO `ventas` VALUES (1,'2023-04-13',1,1,9829,3),(2,'2023-12-15',2,2,3193,6),(3,'2023-09-28',3,1,982,5),(4,'2023-04-17',4,3,4508,17),(5,'2023-03-13',5,4,4168,2),(6,'2023-07-08',6,5,3377,15),(7,'2023-01-21',7,2,8666,5),(8,'2023-04-13',8,1,8051,6),(9,'2023-05-02',9,6,4790,6),(10,'2023-08-03',10,3,4695,18),(11,'2023-11-27',11,6,4659,18),(12,'2023-03-29',12,5,7391,4),(13,'2023-04-10',10,2,8260,17),(14,'2023-12-26',13,3,212,14),(15,'2023-06-01',14,2,5231,14),(16,'2023-05-11',15,4,3297,13),(17,'2023-05-30',16,7,239,7),(18,'2023-11-05',17,3,1524,12),(19,'2023-09-15',18,6,3049,15),(20,'2023-12-10',19,5,3268,19),(21,'2023-10-21',20,4,8808,11),(22,'2023-07-11',21,7,6143,15),(23,'2023-10-04',22,8,7089,12),(24,'2023-06-10',23,4,7336,3),(25,'2023-11-10',24,5,6361,17),(26,'2023-01-22',25,1,987,3),(27,'2023-09-10',26,3,3204,19),(28,'2023-08-24',27,2,149,4),(29,'2023-12-11',28,5,4051,3),(30,'2023-02-18',29,3,3660,16),(31,'2023-02-28',4,2,118,12),(32,'2023-06-19',30,9,4921,8),(33,'2023-07-07',31,6,6440,17),(34,'2023-09-28',32,8,8158,7),(35,'2023-07-09',33,4,9765,11),(36,'2023-06-24',34,5,2706,18),(37,'2023-02-20',35,8,7946,1),(38,'2023-12-30',36,1,8743,3),(39,'2023-02-24',37,3,6532,4),(40,'2023-09-01',38,3,3865,13),(41,'2023-11-16',39,5,2538,6),(42,'2023-05-11',40,7,9841,14),(43,'2023-11-03',41,7,6458,5),(44,'2023-05-15',39,9,8419,16),(45,'2023-01-21',42,6,6041,15),(46,'2023-11-25',43,2,7744,15),(47,'2023-06-16',44,1,4955,4),(48,'2023-10-01',45,8,6647,8),(49,'2023-03-30',46,7,7296,16),(50,'2023-11-12',41,9,6011,16),(51,'2023-01-14',47,9,6581,4),(52,'2023-08-30',36,5,2861,13),(53,'2023-09-22',48,1,4556,13),(54,'2023-12-12',6,2,9707,2),(55,'2023-02-22',49,6,6461,3),(56,'2023-12-06',50,4,5793,8),(57,'2023-04-02',30,5,5888,15),(58,'2023-09-21',51,2,301,11),(59,'2023-02-04',28,4,6260,9),(60,'2023-07-25',52,4,617,7),(61,'2023-03-22',53,1,7837,13),(62,'2023-02-19',54,1,9633,2),(63,'2023-12-26',53,8,2088,8),(64,'2023-01-02',55,9,3902,7),(65,'2023-02-23',38,2,5908,12),(66,'2023-04-16',43,5,7262,19),(67,'2023-09-17',56,3,6341,7),(68,'2023-11-06',57,5,8499,10),(69,'2023-07-10',46,8,5733,16),(70,'2023-08-06',58,6,5855,3),(71,'2023-02-13',59,9,6409,10),(72,'2023-06-11',60,3,4217,6),(73,'2023-07-21',61,7,8445,18),(74,'2023-09-27',62,6,1618,18),(75,'2023-12-17',63,1,6263,5),(76,'2023-10-31',15,4,2700,7),(77,'2023-09-28',20,7,2295,2),(78,'2023-08-03',64,5,3654,11),(79,'2023-09-09',65,5,2949,13),(80,'2023-07-09',66,1,1842,5),(81,'2023-10-23',67,8,1406,6),(82,'2023-08-01',57,2,3949,14),(83,'2023-07-27',57,7,7619,12),(84,'2023-08-25',59,7,4295,4),(85,'2023-12-04',56,6,5278,6),(86,'2023-02-22',59,9,2655,10),(87,'2023-10-07',68,6,2405,18),(88,'2023-08-05',3,2,7719,15),(89,'2023-09-09',69,5,9380,8),(90,'2023-07-07',70,5,2742,9),(91,'2023-02-10',59,5,9469,5),(92,'2023-06-06',54,5,6509,10),(93,'2023-01-15',71,2,4857,6),(94,'2023-10-28',72,1,3094,16),(95,'2023-03-06',73,9,8851,3),(96,'2023-12-11',74,2,1371,10),(97,'2023-11-23',75,9,1913,11),(98,'2023-01-09',76,2,8901,11),(99,'2023-12-10',77,5,2561,17),(100,'2023-05-09',74,1,4220,4),(101,'2023-05-16',22,7,6224,4),(102,'2023-03-04',78,6,8575,17),(103,'2023-05-19',62,4,4496,9),(104,'2023-03-22',76,1,9383,19),(105,'2023-06-12',79,7,916,5),(106,'2023-10-16',75,8,7404,6),(107,'2023-09-18',80,2,7431,3),(108,'2023-08-19',81,8,182,1),(109,'2023-02-10',82,7,2020,16),(110,'2023-01-28',5,1,7917,11),(111,'2023-05-15',6,2,2193,13),(112,'2023-07-20',50,4,7171,10),(113,'2023-11-24',83,5,8067,3),(114,'2023-09-25',62,2,8467,9),(115,'2023-02-02',84,2,5385,12),(116,'2023-02-17',22,1,5037,14),(117,'2023-03-03',85,1,469,1),(118,'2023-08-04',86,7,1918,18),(119,'2023-10-20',87,3,2201,17),(120,'2023-04-09',88,2,3590,9),(121,'2023-06-21',89,6,1879,9),(122,'2023-12-26',90,2,7774,10),(123,'2023-08-02',72,7,1464,19),(124,'2023-02-04',74,9,7394,15),(125,'2023-08-15',91,8,3776,5),(126,'2023-04-11',6,5,2526,15),(127,'2023-05-11',74,3,8364,2),(128,'2023-09-14',87,4,8189,13),(129,'2023-01-05',92,4,3062,16),(130,'2023-08-06',35,4,959,15),(131,'2023-09-12',93,1,4238,10),(132,'2023-12-25',10,4,2524,14),(133,'2023-10-10',76,5,9356,10),(134,'2023-07-26',25,8,4117,14),(135,'2023-01-15',94,4,8660,9),(136,'2023-12-12',77,2,8442,14),(137,'2023-02-11',95,2,1234,3),(138,'2023-06-28',96,1,5266,16),(139,'2023-03-04',97,5,5219,2),(140,'2023-12-18',98,8,5794,10),(141,'2023-08-19',27,3,6236,3),(142,'2023-08-29',99,7,5585,11),(143,'2023-02-21',44,8,4264,11),(144,'2023-04-06',83,7,2446,13),(145,'2023-08-10',57,9,5139,7),(146,'2023-08-19',22,7,4997,17),(147,'2023-08-25',3,6,8352,2),(148,'2023-05-23',63,2,5141,12),(149,'2023-06-20',87,5,4001,10),(150,'2023-01-29',100,1,1437,18),(151,'2023-02-05',101,6,1284,11),(152,'2023-01-13',102,7,4526,16),(153,'2023-06-09',103,4,1651,17),(154,'2023-11-23',85,5,1729,19),(155,'2023-07-06',57,6,9619,18),(156,'2023-08-31',104,1,1626,3),(157,'2023-03-27',73,2,9965,16),(158,'2023-10-11',57,5,1461,6),(159,'2023-03-07',41,1,9865,12),(160,'2023-06-19',105,9,4470,11),(161,'2023-02-14',106,9,5383,15),(162,'2023-03-03',92,1,7710,15),(163,'2023-05-14',107,6,2093,16),(164,'2023-10-11',32,5,969,10),(165,'2023-01-28',108,6,1114,12),(166,'2023-04-18',43,3,702,13),(167,'2023-02-13',109,7,790,4),(168,'2023-12-06',110,3,8785,7),(169,'2023-10-13',111,9,589,2),(170,'2023-11-27',112,2,6964,15),(171,'2023-05-08',113,8,7340,8),(172,'2023-12-14',33,7,7886,7),(173,'2023-08-19',114,9,8124,15),(174,'2023-07-09',115,6,394,14),(175,'2023-08-13',38,6,5588,8),(176,'2023-10-10',116,6,4127,12),(177,'2023-05-01',44,2,3012,13),(178,'2023-04-26',7,3,4844,11),(179,'2023-08-21',37,8,1973,17),(180,'2023-09-16',101,6,3358,17),(181,'2023-12-25',16,7,2917,4),(182,'2023-07-17',117,5,8736,8),(183,'2023-05-17',100,8,3741,5),(184,'2023-11-14',118,2,4558,16),(185,'2023-06-14',77,8,5407,4),(186,'2023-08-13',119,5,9033,15),(187,'2023-11-03',120,7,2141,12),(188,'2023-08-22',37,5,779,5),(189,'2023-06-21',15,1,5838,16),(190,'2023-06-01',119,7,5768,14),(191,'2023-11-11',121,8,9650,10),(192,'2023-06-09',94,6,7797,7),(193,'2023-04-06',12,8,8133,13),(194,'2023-08-21',20,8,162,5),(195,'2023-06-29',117,7,7929,3),(196,'2023-04-23',122,1,7452,15),(197,'2023-11-14',67,8,7015,4),(198,'2023-02-21',33,9,8426,15),(199,'2023-09-25',89,4,3744,14),(200,'2023-10-22',120,4,5070,19),(201,'2023-04-23',31,8,8103,13),(202,'2023-04-11',51,6,3378,10),(203,'2023-04-23',123,2,7396,5),(204,'2023-03-22',36,2,9114,6),(205,'2023-07-06',15,7,3174,4),(206,'2023-04-23',124,4,8412,2),(207,'2023-01-02',100,8,7652,16),(208,'2023-05-10',125,2,1737,18),(209,'2023-08-08',22,8,5203,5),(210,'2023-02-23',10,7,9216,4),(211,'2023-12-09',70,4,744,13),(212,'2023-08-12',34,5,2132,19),(213,'2023-08-13',126,9,2861,2),(214,'2023-05-06',18,9,2168,13),(215,'2023-05-10',127,2,341,11),(216,'2023-02-22',105,9,2768,4),(217,'2023-06-21',128,5,902,15),(218,'2023-08-06',129,8,5159,4),(219,'2023-06-09',59,7,295,9),(220,'2023-07-17',119,5,2287,7),(221,'2023-09-04',21,7,2430,19),(222,'2023-11-20',124,7,4941,19),(223,'2023-07-22',130,4,3706,6),(224,'2023-07-03',89,8,8568,6),(225,'2023-05-03',68,9,160,15),(226,'2023-09-12',131,4,4027,15),(227,'2023-10-21',2,7,6396,9),(228,'2023-10-07',132,2,2691,4),(229,'2023-11-21',115,9,8858,18),(230,'2023-04-08',15,9,9863,18),(231,'2023-07-17',40,8,6221,5),(232,'2023-08-28',51,1,1300,11),(233,'2023-05-24',133,3,2954,5),(234,'2023-04-07',134,3,7124,4),(235,'2023-07-20',26,3,9528,12),(236,'2023-05-04',130,1,7072,2),(237,'2023-07-06',135,8,236,13),(238,'2023-11-22',13,1,1129,10),(239,'2023-12-15',45,3,2694,9),(240,'2023-09-16',132,4,7306,10),(241,'2023-05-28',99,5,761,7),(242,'2023-09-09',84,7,2572,4),(243,'2023-12-12',81,1,186,19),(244,'2023-05-27',15,8,6319,10),(245,'2023-05-28',136,8,8243,3),(246,'2023-12-18',57,5,7068,19),(247,'2023-07-18',26,2,2873,2),(248,'2023-11-04',137,9,1800,10),(249,'2023-05-08',37,3,2800,2),(250,'2023-02-08',85,2,6915,2),(251,'2023-12-04',59,3,1747,17),(252,'2023-12-26',50,5,6138,16),(253,'2023-05-09',90,3,5264,16),(254,'2023-09-24',28,5,5620,14),(255,'2023-05-31',58,6,3787,7),(256,'2023-10-25',138,2,696,11),(257,'2023-04-09',115,2,4645,1),(258,'2023-09-20',26,9,8776,11),(259,'2023-09-09',93,5,8937,4),(260,'2023-05-24',47,1,4857,7),(261,'2023-12-12',139,6,4484,15),(262,'2023-04-22',12,4,9012,18),(263,'2023-03-01',140,3,4833,12),(264,'2023-01-02',141,6,7181,17),(265,'2023-10-31',37,5,8790,1),(266,'2023-09-11',30,7,7217,11),(267,'2023-05-20',94,3,4829,1),(268,'2023-02-06',122,8,1773,15),(269,'2023-06-09',66,2,8406,10),(270,'2023-01-09',142,5,7278,7),(271,'2023-08-21',134,8,2394,2),(272,'2023-04-09',61,9,3730,10),(273,'2023-05-27',59,4,246,4),(274,'2023-10-31',15,4,3553,12),(275,'2023-07-27',52,8,4607,19),(276,'2023-05-11',143,2,5883,11),(277,'2023-06-01',144,9,7851,8),(278,'2023-02-23',74,7,5728,18),(279,'2023-04-30',121,2,8428,11),(280,'2023-06-10',145,6,3460,11),(281,'2023-04-26',146,4,3105,13),(282,'2023-03-16',58,6,3652,3),(283,'2023-04-23',5,3,118,12),(284,'2023-04-14',118,1,2342,3),(285,'2023-12-06',34,5,6418,10),(286,'2023-09-11',147,9,5197,17),(287,'2023-08-15',148,2,8740,2),(288,'2023-04-22',121,4,2048,17),(289,'2023-04-09',58,6,9237,16),(290,'2023-06-02',4,3,5718,2),(291,'2023-12-15',70,5,4336,6),(292,'2023-12-04',42,5,7001,10),(293,'2023-07-13',144,2,2020,10),(294,'2023-11-06',14,9,4288,8),(295,'2023-06-12',120,7,338,1),(296,'2023-07-27',69,2,304,13),(297,'2023-06-18',128,6,5652,9),(298,'2023-06-10',43,1,5027,10),(299,'2023-03-09',149,8,4490,15),(300,'2023-10-16',69,7,2787,5),(301,'2023-10-04',114,9,5051,16),(302,'2023-10-31',62,3,6260,13),(303,'2023-05-15',111,7,5488,18),(304,'2023-07-14',144,4,9640,11),(305,'2023-05-08',34,9,5226,9),(306,'2023-02-02',36,1,916,16),(307,'2023-06-25',150,4,9112,2),(308,'2023-01-22',131,7,292,2),(309,'2023-08-26',30,8,1876,12),(310,'2023-06-07',58,8,3745,8),(311,'2023-02-07',32,1,6414,9),(312,'2023-08-18',101,5,8542,12),(313,'2023-12-31',139,3,1888,9),(314,'2023-02-20',80,5,7474,10),(315,'2023-09-21',48,8,3800,2),(316,'2023-10-10',119,8,9459,16),(317,'2023-01-27',151,6,3993,7),(318,'2023-08-14',121,4,6911,2),(319,'2023-10-04',152,7,9388,1),(320,'2023-10-13',153,3,2779,19),(321,'2023-04-07',83,1,4004,4),(322,'2023-10-11',153,7,7360,2),(323,'2023-11-13',2,6,604,14),(324,'2023-10-31',7,8,9913,2),(325,'2023-05-27',154,1,9679,15),(326,'2023-01-04',155,8,6873,12),(327,'2023-02-04',156,3,3916,5),(328,'2023-07-11',60,4,817,7),(329,'2023-02-18',155,7,4534,10),(330,'2023-01-17',95,7,758,14),(331,'2023-06-21',115,5,5157,14),(332,'2023-08-08',29,1,4108,5),(333,'2023-06-07',157,6,5094,18),(334,'2023-02-15',158,5,4334,14),(335,'2023-01-06',143,3,3864,2),(336,'2023-04-09',87,6,4737,12),(337,'2023-08-21',159,4,2204,6),(338,'2023-02-06',99,4,9547,4),(339,'2023-10-07',44,4,6901,13),(340,'2023-12-15',10,4,8675,4),(341,'2023-10-29',160,5,2707,14),(342,'2023-06-30',161,9,8485,16),(343,'2023-04-05',103,6,3819,4),(344,'2023-04-09',162,1,2681,1),(345,'2023-07-07',6,3,2665,13),(346,'2023-04-26',108,2,2863,4),(347,'2023-07-10',61,8,6428,18),(348,'2023-09-10',33,1,6091,6),(349,'2023-06-10',67,8,3506,3),(350,'2023-09-13',9,6,9023,13),(351,'2023-11-19',163,1,4880,16),(352,'2023-05-08',81,4,4277,5),(353,'2023-01-18',129,4,6576,4),(354,'2023-10-08',164,2,2704,8),(355,'2023-08-11',135,8,8281,19),(356,'2023-02-23',138,3,2482,14),(357,'2023-02-27',32,6,631,7),(358,'2023-11-19',165,4,6179,14),(359,'2023-12-26',127,9,734,6),(360,'2023-06-23',134,5,102,12),(361,'2023-10-07',94,5,8497,16),(362,'2023-04-24',46,3,6051,17),(363,'2023-10-15',19,5,5726,13),(364,'2023-12-08',38,8,7839,14),(365,'2023-05-31',66,4,6103,7),(366,'2023-05-07',124,4,2990,14),(367,'2023-06-04',145,9,6339,15),(368,'2023-09-30',166,1,8126,12),(369,'2023-04-14',167,5,3406,17),(370,'2023-10-26',51,8,997,9),(371,'2023-09-03',168,7,9377,15),(372,'2023-06-25',115,5,9571,12),(373,'2023-02-08',88,3,770,2),(374,'2023-06-19',169,1,7391,5),(375,'2023-09-04',108,5,1605,13),(376,'2023-01-26',125,8,6560,8),(377,'2023-12-21',170,5,5267,14),(378,'2023-11-02',55,3,5355,15),(379,'2023-01-13',127,7,349,11),(380,'2023-11-12',154,6,6557,1),(381,'2023-11-09',54,2,1992,3),(382,'2023-02-05',106,7,3539,17),(383,'2023-06-22',116,5,2954,19),(384,'2023-01-20',61,4,9795,14),(385,'2023-11-17',171,9,3892,8),(386,'2023-09-21',18,4,5430,13),(387,'2023-05-22',48,7,7971,3),(388,'2023-05-23',64,4,8335,5),(389,'2023-04-02',113,8,3712,9),(390,'2023-12-20',35,4,2718,6),(391,'2023-11-18',148,1,4778,2),(392,'2023-10-15',31,6,3263,13),(393,'2023-08-03',110,5,9580,5),(394,'2023-12-08',81,4,3042,8),(395,'2023-02-20',98,3,8511,1),(396,'2023-06-02',120,6,2025,12),(397,'2023-07-05',112,6,3072,11),(398,'2023-03-04',3,4,1090,7),(399,'2023-07-09',12,6,1912,15),(400,'2023-05-05',169,9,9095,11),(401,'2023-05-30',172,4,589,16),(402,'2023-11-10',67,8,5976,3),(403,'2023-02-27',130,7,9785,14),(404,'2023-12-08',8,1,3745,3),(405,'2023-11-01',93,2,7181,1),(406,'2023-06-29',65,6,2991,15),(407,'2023-06-19',51,8,9997,1),(408,'2023-11-22',104,5,3616,17),(409,'2023-09-28',113,5,3440,2),(410,'2023-02-23',101,1,6510,6),(411,'2023-04-11',39,6,153,8),(412,'2023-09-21',10,9,2675,16),(413,'2023-02-22',149,1,715,19),(414,'2023-03-01',102,6,6044,1),(415,'2023-04-18',173,8,7504,3),(416,'2023-01-05',114,7,1054,3),(417,'2023-04-13',174,9,1729,5),(418,'2023-07-15',95,2,6959,12),(419,'2023-09-19',94,5,8941,12),(420,'2023-12-31',96,3,3378,13),(421,'2023-12-16',115,8,5555,9),(422,'2023-02-16',117,5,3901,7),(423,'2023-12-21',44,4,2661,4),(424,'2023-11-07',38,3,6639,19),(425,'2023-11-04',44,5,470,19),(426,'2023-05-24',77,1,957,6),(427,'2023-09-26',142,9,4986,13),(428,'2023-05-04',128,5,7585,11),(429,'2023-04-16',56,2,483,13),(430,'2023-06-07',149,7,4434,13),(431,'2023-05-27',169,1,4390,15),(432,'2023-05-25',121,8,2825,13),(433,'2023-04-30',73,8,6304,11),(434,'2023-11-15',21,8,6211,19),(435,'2023-10-02',40,8,4351,8),(436,'2023-04-02',27,7,1022,8),(437,'2023-02-27',175,5,3015,10),(438,'2023-12-12',75,6,8057,16),(439,'2023-08-17',95,5,3146,19),(440,'2023-04-27',99,4,9266,11),(441,'2023-11-14',135,9,1330,13),(442,'2023-10-06',104,3,7747,9),(443,'2023-05-07',88,6,5033,19),(444,'2023-05-09',51,6,9655,16),(445,'2023-02-27',66,5,4040,7),(446,'2023-05-02',17,6,6583,19),(447,'2023-01-01',38,4,303,12),(448,'2023-08-27',18,3,260,15),(449,'2023-10-17',143,2,9060,14),(450,'2023-04-06',176,7,3848,11),(451,'2023-05-06',105,5,6818,10),(452,'2023-04-28',57,7,2681,11),(453,'2023-02-17',54,2,1193,6),(454,'2023-03-30',124,5,4600,2),(455,'2023-08-25',56,5,8899,11),(456,'2023-09-29',36,3,5810,19),(457,'2023-07-08',146,7,9832,6),(458,'2023-07-11',129,8,2975,14),(459,'2023-03-10',9,7,3291,6),(460,'2023-10-05',59,9,1937,17),(461,'2023-12-15',177,9,789,10),(462,'2023-09-04',169,5,3859,1),(463,'2023-03-17',172,8,2203,3),(464,'2023-06-03',140,1,465,8),(465,'2023-05-24',16,2,8192,8),(466,'2023-03-27',178,4,4272,15),(467,'2023-07-04',128,8,6133,7),(468,'2023-10-12',26,4,2478,11),(469,'2023-08-08',136,7,1305,7),(470,'2023-03-10',18,7,5088,4),(471,'2023-02-16',83,4,5769,12),(472,'2023-04-04',120,2,2835,6),(473,'2023-08-26',121,8,9967,14),(474,'2023-07-23',87,1,8590,12),(475,'2023-08-06',172,5,1056,11),(476,'2023-12-07',28,3,9406,19),(477,'2023-02-08',179,7,6723,5),(478,'2023-04-10',49,9,1574,14),(479,'2023-10-16',144,2,4560,16),(480,'2023-09-11',117,3,7102,13),(481,'2023-08-10',135,1,6496,4),(482,'2023-12-23',84,6,2928,11),(483,'2023-01-23',68,5,2950,17),(484,'2023-09-07',124,7,3064,7),(485,'2023-01-10',53,5,4694,14),(486,'2023-09-03',172,3,9241,11),(487,'2023-11-21',20,5,6744,9),(488,'2023-04-10',165,6,2950,13),(489,'2023-10-17',51,3,265,18),(490,'2023-06-29',88,7,1019,11),(491,'2023-08-11',96,8,8405,15),(492,'2023-09-07',87,9,3604,19),(493,'2023-05-27',58,3,1091,1),(494,'2023-04-06',5,6,6147,4),(495,'2023-09-14',180,3,3939,14),(496,'2023-11-21',130,3,1358,14),(497,'2023-01-04',65,7,7709,3),(498,'2023-01-16',7,3,8806,17),(499,'2023-10-07',96,9,4904,3),(500,'2023-12-02',81,5,167,16),(501,'2023-09-04',70,7,9888,14),(502,'2023-09-15',46,9,5760,13),(503,'2023-06-09',181,7,4578,15),(504,'2023-12-06',31,9,8310,14),(505,'2023-06-01',153,6,3621,19),(506,'2023-06-27',33,9,672,6),(507,'2023-06-12',94,4,7182,10),(508,'2023-02-02',152,9,7932,15),(509,'2023-06-28',43,8,5495,6),(510,'2023-04-11',165,8,2358,10),(511,'2023-09-25',157,2,6139,7),(512,'2023-11-19',182,4,750,17),(513,'2023-03-06',183,4,5841,18),(514,'2023-06-17',55,5,6938,17),(515,'2023-11-26',128,4,2687,9),(516,'2023-02-12',145,5,7976,10),(517,'2023-02-13',18,2,3362,10),(518,'2023-10-12',46,2,1438,7),(519,'2023-01-12',86,6,5096,16),(520,'2023-04-05',21,8,5880,18),(521,'2023-10-29',129,9,2927,6),(522,'2023-09-10',29,9,5332,1),(523,'2023-08-30',184,1,2317,1),(524,'2023-02-04',169,7,3639,12),(525,'2023-08-03',146,6,7945,2),(526,'2023-12-03',108,1,9329,4),(527,'2023-03-31',105,1,4483,17),(528,'2023-09-21',12,3,3061,4),(529,'2023-04-03',79,3,3326,11),(530,'2023-03-31',129,1,6937,4),(531,'2023-04-25',56,4,7131,1),(532,'2023-04-15',72,7,9390,7),(533,'2023-07-15',32,6,9231,18),(534,'2023-11-10',167,1,3816,9),(535,'2023-04-24',42,9,3514,3),(536,'2023-03-16',64,7,1548,8),(537,'2023-08-05',85,3,670,19),(538,'2023-10-04',2,9,3004,4),(539,'2023-09-06',180,3,2605,18),(540,'2023-06-13',185,3,1017,11),(541,'2023-12-23',129,7,7082,14),(542,'2023-07-11',186,3,7527,18),(543,'2023-08-15',66,2,6436,16),(544,'2023-06-26',121,8,1778,3),(545,'2023-04-09',185,2,715,15),(546,'2023-02-05',171,8,7186,4),(547,'2023-04-06',138,3,4849,5),(548,'2023-06-01',11,6,3605,17),(549,'2023-05-31',85,6,4629,7),(550,'2023-07-09',141,8,1235,16),(551,'2023-08-12',187,9,8666,14),(552,'2023-02-06',150,7,7326,16),(553,'2023-09-25',50,3,5262,7),(554,'2023-07-02',56,7,306,9),(555,'2023-01-13',101,2,4975,4),(556,'2023-10-06',115,6,1419,11),(557,'2023-08-05',104,4,1241,2),(558,'2023-12-21',28,2,4727,12),(559,'2023-12-27',78,2,7489,12),(560,'2023-10-13',180,8,2790,4),(561,'2023-09-30',90,5,7423,18),(562,'2023-03-03',188,2,3355,7),(563,'2023-03-25',5,3,8381,1),(564,'2023-08-05',138,1,5313,13),(565,'2023-12-08',64,1,4208,6),(566,'2023-07-06',145,3,3120,6),(567,'2023-01-19',13,5,1957,12),(568,'2023-06-26',107,5,9096,8),(569,'2023-04-10',14,8,9236,19),(570,'2023-08-21',132,6,2889,5),(571,'2023-03-17',1,7,3975,18),(572,'2023-09-22',93,5,7705,5),(573,'2023-10-11',151,4,9902,10),(574,'2023-07-25',32,8,8235,1),(575,'2023-08-11',138,9,6155,10),(576,'2023-02-21',92,8,3982,5),(577,'2023-12-05',55,2,7275,12),(578,'2023-05-24',104,7,7229,7),(579,'2023-03-10',108,9,5121,9),(580,'2023-04-09',64,9,4835,12),(581,'2023-01-25',152,4,2487,1),(582,'2023-02-22',173,4,6682,11),(583,'2023-05-31',174,4,9233,15),(584,'2023-05-24',17,8,5966,2),(585,'2023-02-26',20,7,2666,7),(586,'2023-02-08',26,8,1075,12),(587,'2023-04-19',188,1,7312,18),(588,'2023-06-30',131,2,9246,3),(589,'2023-02-11',80,2,1362,7),(590,'2023-07-05',103,4,5147,11),(591,'2023-08-11',128,1,9235,18),(592,'2023-05-02',108,5,7482,12),(593,'2023-05-13',176,5,6331,6),(594,'2023-06-12',105,4,3427,5),(595,'2023-08-03',147,8,5730,1),(596,'2023-08-09',68,4,2359,12),(597,'2023-08-23',56,6,1357,11),(598,'2023-11-27',90,9,564,4),(599,'2023-05-26',15,2,3394,18),(600,'2023-08-27',101,5,6874,4),(601,'2023-03-17',131,3,7531,17),(602,'2023-01-09',44,5,1330,2),(603,'2023-03-15',28,2,9176,2),(604,'2023-09-10',189,9,3905,12),(605,'2023-08-18',64,2,6519,6),(606,'2023-01-07',130,3,5850,10),(607,'2023-06-23',190,4,3956,16),(608,'2023-05-21',167,1,3235,14),(609,'2023-06-17',165,3,7053,7),(610,'2023-06-19',43,2,9216,19),(611,'2023-10-10',99,2,6134,17),(612,'2023-05-02',42,6,4689,9),(613,'2023-07-13',15,6,1646,13),(614,'2023-01-05',149,7,6165,5),(615,'2023-01-29',31,6,1194,5),(616,'2023-06-14',118,8,2511,10),(617,'2023-12-05',83,1,2717,10),(618,'2023-05-16',102,9,9054,7),(619,'2023-12-31',120,3,4245,15),(620,'2023-11-17',123,2,2875,7),(621,'2023-12-08',1,7,6728,15),(622,'2023-05-25',32,7,3255,3),(623,'2023-11-23',191,9,4070,19),(624,'2023-08-05',6,1,8072,10),(625,'2023-10-28',6,3,8875,15),(626,'2023-05-12',149,5,5515,3),(627,'2023-10-19',87,6,4431,6),(628,'2023-03-11',132,4,2042,12),(629,'2023-09-09',19,7,6126,15),(630,'2023-10-02',163,6,8401,6),(631,'2023-12-30',162,6,291,13),(632,'2023-07-01',113,8,9195,19),(633,'2023-06-16',176,1,961,3),(634,'2023-04-01',50,4,6811,8),(635,'2023-07-21',23,5,9375,8),(636,'2023-12-12',4,2,749,15),(637,'2023-01-19',157,8,4234,4),(638,'2023-02-08',28,6,7687,19),(639,'2023-05-06',65,6,8928,3),(640,'2023-06-22',1,4,1136,13),(641,'2023-05-21',187,4,4231,8),(642,'2023-08-30',11,4,2248,16),(643,'2023-08-08',32,6,5557,13),(644,'2023-05-06',60,7,6179,3),(645,'2023-02-27',53,3,2530,16),(646,'2023-05-28',17,6,1979,9),(647,'2023-11-13',92,8,7642,14),(648,'2023-12-27',151,1,2111,13),(649,'2023-01-01',16,5,3473,7),(650,'2023-12-14',169,2,7457,15),(651,'2023-07-09',44,5,1389,7),(652,'2023-07-10',45,6,1547,6),(653,'2023-11-08',90,8,3299,2),(654,'2023-04-27',69,6,6481,9),(655,'2023-05-14',50,1,7622,17),(656,'2023-02-27',115,7,6159,5),(657,'2023-02-13',33,2,3283,12),(658,'2023-06-22',160,1,5562,1),(659,'2023-06-09',64,6,3316,10),(660,'2023-06-22',35,8,3236,11),(661,'2023-11-13',185,1,3418,16),(662,'2023-10-30',19,9,2882,14),(663,'2023-05-29',38,8,9282,8),(664,'2023-03-21',124,7,7757,17),(665,'2023-08-01',6,6,5020,18),(666,'2023-07-22',192,4,6424,12),(667,'2023-09-09',128,2,6427,17),(668,'2023-08-17',147,3,8517,14),(669,'2023-06-13',22,4,876,16),(670,'2023-08-15',43,6,5308,14),(671,'2023-05-27',107,9,787,9),(672,'2023-01-20',152,4,629,4),(673,'2023-02-16',100,2,5167,11),(674,'2023-08-21',55,8,8180,6),(675,'2023-11-01',68,9,5618,15),(676,'2023-01-14',108,9,2253,5),(677,'2023-05-23',41,1,9586,11),(678,'2023-01-01',152,2,6194,18),(679,'2023-02-23',193,4,7074,13),(680,'2023-09-16',159,1,9818,11),(681,'2023-05-24',135,9,4874,14),(682,'2023-01-12',134,1,7792,18),(683,'2023-11-26',38,5,3203,19),(684,'2023-08-12',184,2,2540,15),(685,'2023-09-29',28,7,4235,9),(686,'2023-12-24',42,8,7224,8),(687,'2023-06-05',94,9,5301,1),(688,'2023-01-08',168,2,944,4),(689,'2023-05-02',69,7,546,14),(690,'2023-12-14',175,7,4015,2),(691,'2023-06-13',38,6,3209,16),(692,'2023-03-31',169,1,1334,3),(693,'2023-05-16',38,7,6687,8),(694,'2023-07-05',126,5,326,6),(695,'2023-11-12',75,2,4243,16),(696,'2023-06-27',191,3,7285,16),(697,'2023-01-28',155,3,5658,7),(698,'2023-08-08',179,9,286,13),(699,'2023-12-23',12,1,2635,13),(700,'2023-02-10',111,7,2032,5),(701,'2023-08-16',62,2,9140,18),(702,'2023-07-11',165,9,2132,15),(703,'2023-05-25',165,4,1352,18),(704,'2023-07-20',194,7,5609,2),(705,'2023-07-31',123,1,5174,10),(706,'2023-08-08',11,3,1981,13),(707,'2023-08-28',102,6,369,18),(708,'2023-02-15',184,2,1730,15),(709,'2023-02-04',53,8,4505,12),(710,'2023-09-10',174,9,6239,15),(711,'2023-03-23',185,2,1674,13),(712,'2023-09-13',106,2,1795,18),(713,'2023-07-16',195,5,3358,15),(714,'2023-10-30',76,4,3362,11),(715,'2023-01-10',61,7,1545,19),(716,'2023-11-08',29,7,6363,3),(717,'2023-10-13',153,1,8511,7),(718,'2023-08-30',107,8,152,14),(719,'2023-09-08',184,8,5670,14),(720,'2023-12-31',196,1,7679,13),(721,'2023-01-05',112,6,1766,12),(722,'2023-04-29',63,7,7001,9),(723,'2023-10-16',185,6,2885,1),(724,'2023-03-06',8,2,819,19),(725,'2023-05-26',187,2,8697,11),(726,'2023-08-12',102,3,6955,19),(727,'2023-08-27',174,8,2394,18),(728,'2023-06-26',138,3,8363,12),(729,'2023-09-24',56,4,9521,1),(730,'2023-12-07',86,1,9859,19),(731,'2023-10-09',157,1,4582,17),(732,'2023-03-04',106,2,798,5),(733,'2023-08-05',158,7,7343,3),(734,'2023-12-08',189,6,9118,2),(735,'2023-11-11',172,8,6018,3),(736,'2023-10-10',56,3,448,8),(737,'2023-06-26',66,6,5474,16),(738,'2023-04-08',11,3,7969,6),(739,'2023-04-15',101,4,407,13),(740,'2023-04-09',76,4,3516,16),(741,'2023-11-07',142,6,4920,16),(742,'2023-01-06',18,6,3658,3),(743,'2023-07-16',57,6,4578,13),(744,'2023-12-17',169,3,6631,14),(745,'2023-05-13',29,5,4720,8),(746,'2023-12-24',71,6,3085,12),(747,'2023-09-16',131,7,8212,8),(748,'2023-01-23',88,8,8567,9),(749,'2023-02-22',23,8,2647,1),(750,'2023-06-14',170,3,436,6),(751,'2023-07-21',138,6,3079,19),(752,'2023-03-24',130,2,4068,11),(753,'2023-05-25',83,1,1010,11),(754,'2023-03-26',15,5,2096,13),(755,'2023-03-19',133,7,3229,11),(756,'2023-01-01',41,2,5547,18),(757,'2023-02-20',181,4,6229,15),(758,'2023-06-22',108,2,5950,1),(759,'2023-07-24',166,3,4304,7),(760,'2023-09-17',80,5,7546,13),(761,'2023-10-15',99,9,8619,12),(762,'2023-02-03',150,9,414,18),(763,'2023-12-14',92,6,1234,19),(764,'2023-04-05',71,6,4976,15),(765,'2023-03-13',18,3,8202,8),(766,'2023-02-08',172,6,9812,19),(767,'2023-06-03',40,1,8447,10),(768,'2023-09-07',65,5,5692,7),(769,'2023-06-11',8,3,1824,18),(770,'2023-04-28',84,8,3443,16),(771,'2023-09-16',173,4,986,6),(772,'2023-11-02',166,3,821,9),(773,'2023-09-25',32,3,7778,13),(774,'2023-02-23',197,9,9204,8),(775,'2023-08-24',46,7,3457,16),(776,'2023-08-10',71,7,970,13),(777,'2023-09-08',122,1,6851,13),(778,'2023-11-09',115,8,597,17),(779,'2023-04-22',77,9,1856,5),(780,'2023-09-12',89,8,1217,17),(781,'2023-10-30',60,1,2928,9),(782,'2023-07-26',153,7,1747,2),(783,'2023-08-17',115,3,7092,18),(784,'2023-12-07',192,6,6871,9),(785,'2023-03-07',75,6,242,6),(786,'2023-03-16',3,2,2861,11),(787,'2023-04-13',73,4,3535,6),(788,'2023-07-11',181,1,6722,6),(789,'2023-09-09',187,4,7169,13),(790,'2023-08-14',59,4,4612,11),(791,'2023-10-21',196,7,1948,14),(792,'2023-11-02',96,7,2796,2),(793,'2023-04-08',198,3,1817,8),(794,'2023-12-04',115,9,3172,3),(795,'2023-10-13',167,7,9359,3),(796,'2023-12-01',163,6,2886,1),(797,'2023-12-13',85,4,3891,19),(798,'2023-11-04',56,2,9580,18),(799,'2023-09-06',72,5,3971,17),(800,'2023-06-15',161,1,1906,13),(801,'2023-12-01',115,2,1604,3),(802,'2023-01-30',74,6,3408,1),(803,'2023-09-04',125,7,7217,4),(804,'2023-04-16',182,9,5148,13),(805,'2023-02-20',58,3,8363,17),(806,'2023-03-22',10,5,1790,11),(807,'2023-05-13',122,8,9636,2),(808,'2023-10-12',13,2,3403,16),(809,'2023-05-18',166,9,3213,2),(810,'2023-07-03',98,8,9174,19),(811,'2023-11-26',160,5,7950,19),(812,'2023-09-30',135,1,6516,16),(813,'2023-12-06',186,1,1604,19),(814,'2023-03-10',90,4,9024,9),(815,'2023-02-03',111,5,4024,1),(816,'2023-09-19',199,5,8715,10),(817,'2023-02-22',87,8,9883,19),(818,'2023-07-24',16,9,4585,1),(819,'2023-05-06',128,8,8200,2),(820,'2023-08-23',13,3,8784,16),(821,'2023-02-12',191,1,291,12),(822,'2023-08-28',155,1,8790,8),(823,'2023-04-21',78,4,5017,18),(824,'2023-09-06',159,3,5931,2),(825,'2023-05-31',146,1,9548,13),(826,'2023-07-02',37,8,4422,6),(827,'2023-12-02',196,3,7099,6),(828,'2023-04-05',147,8,9108,9),(829,'2023-01-08',61,1,7382,16),(830,'2023-12-26',72,1,9765,11),(831,'2023-07-03',34,9,9378,7),(832,'2023-10-08',136,2,1974,10),(833,'2023-07-14',23,2,9162,10),(834,'2023-12-18',39,4,4863,18),(835,'2023-07-14',124,8,8564,9),(836,'2023-06-04',164,8,9321,15),(837,'2023-04-03',172,6,1151,4),(838,'2023-06-09',141,3,9865,8),(839,'2023-03-02',72,7,7638,9),(840,'2023-05-02',98,2,7511,13),(841,'2023-02-20',43,1,6420,9),(842,'2023-10-04',41,4,2205,4),(843,'2023-01-05',198,7,407,17),(844,'2023-04-02',65,5,7837,16),(845,'2023-06-19',42,4,3459,15),(846,'2023-11-13',67,5,3276,3),(847,'2023-01-22',144,5,1351,5),(848,'2023-11-22',181,5,5466,5),(849,'2023-01-01',98,9,1617,15),(850,'2023-05-13',198,9,6326,18),(851,'2023-08-21',197,9,5405,15),(852,'2023-01-12',130,7,9670,2),(853,'2023-12-12',146,4,5969,13),(854,'2023-02-15',42,4,8139,4),(855,'2023-02-03',71,1,4991,10),(856,'2023-03-19',9,9,5092,13),(857,'2023-08-06',174,1,2061,10),(858,'2023-10-28',164,3,2963,9),(859,'2023-03-14',41,1,6703,8),(860,'2023-10-09',113,7,4667,3),(861,'2023-09-06',146,2,6613,16),(862,'2023-02-16',99,5,4105,14),(863,'2023-05-01',101,9,9214,9),(864,'2023-08-02',72,2,283,11),(865,'2023-08-27',64,1,7855,3),(866,'2023-02-25',130,5,3458,5),(867,'2023-12-16',18,4,6715,10),(868,'2023-04-17',186,8,9690,13),(869,'2023-11-15',13,5,6897,4),(870,'2023-02-17',19,7,8828,13),(871,'2023-03-02',61,7,7778,12),(872,'2023-12-03',152,1,5798,5),(873,'2023-01-26',29,3,1373,10),(874,'2023-10-19',15,7,6753,9),(875,'2023-09-14',31,7,1196,7),(876,'2023-01-08',10,1,9597,2),(877,'2023-04-23',131,5,9207,7),(878,'2023-12-21',43,3,8102,8),(879,'2023-09-10',192,2,4347,7),(880,'2023-06-29',39,8,9320,14),(881,'2023-07-26',43,9,5414,19),(882,'2023-10-30',199,4,3454,5),(883,'2023-05-07',141,7,370,18),(884,'2023-02-25',39,1,1286,12),(885,'2023-08-02',157,9,6405,17),(886,'2023-01-14',118,4,2498,13),(887,'2023-01-28',25,4,7095,2),(888,'2023-03-19',61,2,7399,13),(889,'2023-08-04',58,2,4282,7),(890,'2023-12-31',44,2,2330,10),(891,'2023-06-03',184,6,6611,6),(892,'2023-01-14',75,6,228,3),(893,'2023-07-06',177,4,9561,3),(894,'2023-11-08',123,2,3772,18),(895,'2023-01-07',91,7,9893,11),(896,'2023-01-03',44,9,4865,5),(897,'2023-04-21',59,9,4070,19),(898,'2023-08-26',131,6,7645,19),(899,'2023-12-29',116,4,5652,15),(900,'2023-08-27',65,1,727,16),(901,'2023-10-01',35,5,6689,9),(902,'2023-10-21',188,5,2144,4),(903,'2023-08-15',101,6,2441,15),(904,'2023-01-15',187,1,5984,12),(905,'2023-07-11',179,6,8285,3),(906,'2023-04-29',149,5,349,14),(907,'2023-01-28',81,1,3025,17),(908,'2023-07-21',111,2,5143,19),(909,'2023-02-08',99,4,1074,6),(910,'2023-09-30',2,9,9617,4),(911,'2023-08-19',12,3,7292,7),(912,'2023-03-27',187,4,9275,19),(913,'2023-05-06',62,2,9180,17),(914,'2023-10-27',158,5,2772,16),(915,'2023-01-25',75,2,7379,15),(916,'2023-05-25',138,6,7631,8),(917,'2023-01-13',2,1,9618,19),(918,'2023-07-31',189,9,8762,8),(919,'2023-01-25',182,7,2087,18),(920,'2023-03-09',51,6,190,16),(921,'2023-03-08',40,4,8821,19),(922,'2023-08-21',145,6,4159,10),(923,'2023-04-19',66,4,2873,17),(924,'2023-05-26',61,7,9978,13),(925,'2023-04-21',145,8,8483,13),(926,'2023-08-16',100,9,7509,7),(927,'2023-04-21',198,3,4540,10),(928,'2023-02-03',113,2,7447,2),(929,'2023-04-21',20,8,1108,4),(930,'2023-09-21',110,6,3883,6),(931,'2023-08-24',161,2,6746,18),(932,'2023-03-24',9,8,4398,6),(933,'2023-02-11',26,1,4768,17),(934,'2023-04-11',57,1,4387,14),(935,'2023-01-06',176,2,2152,11),(936,'2023-06-29',160,4,6109,19),(937,'2023-10-09',50,4,1816,2),(938,'2023-11-16',3,6,410,3),(939,'2023-08-14',19,8,4638,11),(940,'2023-11-11',191,8,1360,6),(941,'2023-12-31',17,2,4032,14),(942,'2023-08-17',145,5,684,19),(943,'2023-10-16',187,1,7716,16),(944,'2023-05-30',116,8,8651,7),(945,'2023-10-04',134,2,2966,8),(946,'2023-07-17',144,7,5998,19),(947,'2023-03-11',43,3,2111,16),(948,'2023-04-22',4,7,6351,7),(949,'2023-01-04',111,9,5039,9),(950,'2023-12-16',28,6,4106,13),(951,'2023-11-27',13,8,1725,1),(952,'2023-11-14',28,9,990,8),(953,'2023-12-16',73,9,6178,4),(954,'2023-04-05',109,2,7136,3),(955,'2023-06-01',153,8,9023,3),(956,'2023-11-07',13,3,4061,13),(957,'2023-05-17',52,2,2604,8),(958,'2023-09-04',3,2,8906,7),(959,'2023-08-31',196,6,3906,1),(960,'2023-01-31',166,6,6200,16),(961,'2023-02-09',51,1,1819,6),(962,'2023-08-17',109,1,6786,7),(963,'2023-02-05',1,4,1687,12),(964,'2023-08-11',109,5,7100,9),(965,'2023-01-06',116,8,9903,11),(966,'2023-11-18',29,8,996,10),(967,'2023-08-08',110,9,5658,1),(968,'2023-03-16',46,8,8569,18),(969,'2023-01-04',172,8,4747,4),(970,'2023-12-01',148,5,9928,5),(971,'2023-05-14',172,1,2532,9),(972,'2023-04-28',85,1,4004,17),(973,'2023-04-04',124,3,6937,3),(974,'2023-03-03',184,8,1549,16),(975,'2023-07-13',113,5,4600,5),(976,'2023-12-01',155,1,5554,16),(977,'2023-07-22',121,5,9524,3),(978,'2023-01-26',106,7,4217,15),(979,'2023-06-22',93,8,8969,3),(980,'2023-10-27',91,3,2128,14),(981,'2023-05-13',161,9,6945,16),(982,'2023-11-22',67,1,3858,17),(983,'2023-04-28',79,7,6004,18),(984,'2023-11-20',58,5,4724,18),(985,'2023-10-02',114,6,8948,14),(986,'2023-07-31',178,2,265,18),(987,'2023-08-13',157,8,4691,15),(988,'2023-01-20',68,8,689,15),(989,'2023-04-23',55,7,4624,6),(990,'2023-05-20',40,5,2921,15),(991,'2023-02-16',108,4,6609,18),(992,'2023-01-01',150,8,7793,4),(993,'2023-03-31',175,4,9554,8),(994,'2023-05-22',45,6,171,15),(995,'2023-11-16',165,7,3680,3),(996,'2023-02-07',146,5,8062,15),(997,'2023-10-20',133,5,368,13),(998,'2023-05-19',36,2,2562,9),(999,'2023-12-22',136,1,9560,2),(1000,'2023-11-29',42,1,1115,8);
/*!40000 ALTER TABLE `ventas` ENABLE KEYS */;
UNLOCK TABLES;
/*!40103 SET TIME_ZONE=@OLD_TIME_ZONE */;

/*!40101 SET SQL_MODE=@OLD_SQL_MODE */;
/*!40014 SET FOREIGN_KEY_CHECKS=@OLD_FOREIGN_KEY_CHECKS */;
/*!40014 SET UNIQUE_CHECKS=@OLD_UNIQUE_CHECKS */;
/*!40101 SET CHARACTER_SET_CLIENT=@OLD_CHARACTER_SET_CLIENT */;
/*!40101 SET CHARACTER_SET_RESULTS=@OLD_CHARACTER_SET_RESULTS */;
/*!40101 SET COLLATION_CONNECTION=@OLD_COLLATION_CONNECTION */;
/*!40111 SET SQL_NOTES=@OLD_SQL_NOTES */;

-- Dump completed on 2025-03-16 10:01:16
